hash_md5,sha1,sha256,extension,filetype,mimetype,size,fecha_escaneo_vt,dia_escaneo_vt,fecha_agregado_virusshare,dia_agregado_virusshare,vt_positives,vt_total,detection_ratio,motores_detectaron,familia_probable,familia_score,familias_top,tipo_probable,tipo_score,tipos_top,detecciones_top,permalink,reporte_path
000078146985524b12c3f5a727b831c0,2d698327674cae8bc419a7557b53d66c893c4e99,1d4bf01d2b1a01fcb0575b1c81bc9f5824dbf57ed0e32ea796b0bacabfb46cef,bg,data,application/octet-stream,98597,2021-11-12T10:25:08+00:00,2021-11-12,2021-11-17T02:15:50+00:00,2021-11-17,16,55,0.2909,16,csvdwl,0.125,csvdwl:2;turk:1,exploit,0.4375,exploit:7;trojan:4;downloader:4,Trojan.Script.Generic.a!c;PS/Downloader.bs;PowerShell/Csvdwl.E!tr;Generic.DDE.Exploit.F.4E9FD76C (B);malware (ai score=82);Generic.DDE.Exploit.F.4E9FD76C;Generic.DDE.Exploit.F.4E9FD76C;Generic.DDE.Exploit.F.4E9FD76C;Troj/Csvdwl-E;Generic.DDE.Exploit.F.4E9FD76C,https://www.virustotal.com/gui/file/1d4bf01d2b1a01fcb0575b1c81bc9f5824dbf57ed0e32ea796b0bacabfb46cef/detection/f-1d4bf01d2b1a01fcb0575b1c81bc9f5824dbf57ed0e32ea796b0bacabfb46cef-1636712708,clasificacion\VirusShare_00499\reportes\reporte\000078146985524b12c3f5a727b831c0.json
0001c0bbbe00ae40a28c8e17d82890b7,b078436dafa06f31cf3ab93247e14b1280d34e81,ec55751c21790a901170cfe74be77a49c0579a8e7f47de2d2a2cb019fec34cde,pdf,"PDF document, version 1.4",application/pdf,77524,2021-11-15T16:35:21+00:00,2021-11-15,2021-11-17T20:04:12+00:00,2021-11-17,27,60,0.45,27,,0.0,gerphish:1;camelot:1;malurl:1,phishing,0.4074,phishing:11;trojan:7;stealer:2,PDF.Spam.Heur.1;Malicious (score: 99);Trojan/Generic.ASMalwRG.150;PDF/Phishing.4BCA!tr;Trojan.WIN32.stealer.phishing.e;PDF.Spam.Heur.1;PDF/Phish-FOF!0001C0BBBE00;Trojan.Phishing!1.D9C3 (CLASSIC);PDF.Trojan-Stealer.Phishing.E;PDF.Phishing.43927,https://www.virustotal.com/gui/file/ec55751c21790a901170cfe74be77a49c0579a8e7f47de2d2a2cb019fec34cde/detection/f-ec55751c21790a901170cfe74be77a49c0579a8e7f47de2d2a2cb019fec34cde-1636994121,clasificacion\VirusShare_00499\reportes\reporte\0001c0bbbe00ae40a28c8e17d82890b7.json
00030a2bc58958ff6fd67e8cb7a6581a,ffa1d6b536a72ec56dd395245893485f8b562308,2dd214afa160a7296a9586cfcf1736168a732676410556033507834cf212e7c1,exe,"MS-DOS executable, MZ for MS-DOS",application/x-dosexec,480374,2021-11-13T12:44:12+00:00,2021-11-13,2021-11-17T06:47:51+00:00,2021-11-17,50,68,0.7353,50,urelas,0.16,urelas:8;susgen:1;tscope:1;delf:1;smssend:1,trojan,0.5,trojan:25;pua:1,Trojan.Malware.300983.susgen;TScope.Trojan.Delf;Malicious (score: 100);Trojan.SMSSend.5738;a variant of Win32/Urelas.A;W32/A-a6744177!Eldorado;AI:Packer.463CF3001D;BehavesLike.Win32.Generic.gc;ML.Attribute.HighConfidence;W32/Urelas.A!tr,https://www.virustotal.com/gui/file/2dd214afa160a7296a9586cfcf1736168a732676410556033507834cf212e7c1/detection/f-2dd214afa160a7296a9586cfcf1736168a732676410556033507834cf212e7c1-1636807452,clasificacion\VirusShare_00499\reportes\reporte\00030a2bc58958ff6fd67e8cb7a6581a.json
0003aa273a7e289dd493ac39fd853aab,b4c7bde1f2cc6993565a51745ff8ae6f1fa44d5f,50178eba10ec1f54f4bbbb6c600e0e1cb46257b88a98938c607cc9c7907ec6e4,exe,"PE32 executable (GUI) Intel 80386, for MS Windows, PECompact2 compressed",application/x-dosexec,404992,2021-11-12T17:03:03+00:00,2021-11-12,2021-11-18T06:58:08+00:00,2021-11-18,55,68,0.8088,55,urelas,0.2727,urelas:15;obfuscated:2;uvpm:2;sabsik:1;pbbot:1,trojan,0.4364,trojan:24;worm:1;bot:1;ransomware:1,HEUR:Trojan.Win32.Generic;Trojan.GenericKD.47267337;Trojan.Sabsik.FL;suspicious;Trojan.GenericKD.47267337;Trojan/Win32.PbBot.R43703;W32/Urelas.D.gen!Eldorado;Malicious;Suspicious.Win32.Save.a;Unsafe.AI_Score_90%,https://www.virustotal.com/gui/file/50178eba10ec1f54f4bbbb6c600e0e1cb46257b88a98938c607cc9c7907ec6e4/detection/f-50178eba10ec1f54f4bbbb6c600e0e1cb46257b88a98938c607cc9c7907ec6e4-1636736583,clasificacion\VirusShare_00499\reportes\reporte\0003aa273a7e289dd493ac39fd853aab.json
00041d0e385e4272ac8ecdb82edaa9ad,7cf450e0a8060b2d4e977cce23d7d8f55338d4d8,3abf498d2a4edbeb0104c7c5a1e9593b0dd91c9d55c14469d93e50e7cb931f63,,"UTF-8 Unicode text, with very long lines",text/plain,203088,2021-11-15T04:37:51+00:00,2021-11-15,2021-11-17T08:12:56+00:00,2021-11-17,5,56,0.0893,5,faceliker,0.2,faceliker:1;iframe:1;cryxos:1;brocoiner:1,trojan,1.0,trojan:5,JS.Trojan.Agent.42292;Trojan.FaceLiker/JS!1.BAA9 (CLASSIC);Trojan.Iframe.JS.3;Trojan.JS.Cryxos;Trojan:HTML/Brocoiner,https://www.virustotal.com/gui/file/3abf498d2a4edbeb0104c7c5a1e9593b0dd91c9d55c14469d93e50e7cb931f63/detection/f-3abf498d2a4edbeb0104c7c5a1e9593b0dd91c9d55c14469d93e50e7cb931f63-1636951071,clasificacion\VirusShare_00499\reportes\reporte\00041d0e385e4272ac8ecdb82edaa9ad.json
00048e9c0950e66adb8d6fa29d99091d,94f82a6c3afbbfccf266f83a209ee376755fb998,89bc5c1b775a3f1ce50fb4b0ce9ca2c49c2a54e52d60de1c67d9741e9455ced0,,"UTF-8 Unicode text, with very long lines, with NEL line terminators",text/plain,91972,2021-11-16T08:07:41+00:00,2021-11-16,2021-11-17T19:51:10+00:00,2021-11-17,16,56,0.2857,16,,0.0,cryxos:1;expkit:1,trojan,0.625,trojan:10,Trojan.GenericKD.47402346;Malicious (score: 99);Trojan/Generic.ASMalwRG.15C;Trojan.GenericKD.47402346;Trojan.GenericKD.47402346;Win32.Outbreak;Trojan.GenericKD.47402346;HEUR:Trojan.Script.Generic;JS/Agent.PIV;Trojan.GenericKD.47402346,https://www.virustotal.com/gui/file/89bc5c1b775a3f1ce50fb4b0ce9ca2c49c2a54e52d60de1c67d9741e9455ced0/detection/f-89bc5c1b775a3f1ce50fb4b0ce9ca2c49c2a54e52d60de1c67d9741e9455ced0-1637050061,clasificacion\VirusShare_00499\reportes\reporte\00048e9c0950e66adb8d6fa29d99091d.json
0007db83e66d70b9dcda030202f385ba,af4a2f53f4ac1cf66bc091de937e210e650a9588,1f06ca8ba3ba913120cc0d9f15c2879062167508f96ee8a9a84faa404be2f30b,exe,"PE32 executable (console) Intel 80386, for MS Windows",application/x-dosexec,1542629,2021-11-13T22:07:50+00:00,2021-11-13,2021-11-18T07:08:35+00:00,2021-11-18,27,68,0.3971,27,,0.0,blackie:2;filerepmalware:2;susgen:1;krap:1;gvul:1,trojan,0.2593,trojan:7;downloader:1;virus:1;dropper:1;ransomware:1,Heuristic.HEUR/AGEN.1141290;Trojan.Downloader;W32/Blackie.W.gen!Eldorado;Malware.AI.2414621462;Trojan.Win32.Save.a;FileRepMalware;Win32.Trojan.PSE.1UPSOJJ;Unsafe;Trojan.Malware.121218.susgen;Packed.Krap.gvul,https://www.virustotal.com/gui/file/1f06ca8ba3ba913120cc0d9f15c2879062167508f96ee8a9a84faa404be2f30b/detection/f-1f06ca8ba3ba913120cc0d9f15c2879062167508f96ee8a9a84faa404be2f30b-1636841270,clasificacion\VirusShare_00499\reportes\reporte\0007db83e66d70b9dcda030202f385ba.json
000ca1a11e9b973bc885560a119cd255,7c3159d8e9b8ebaca9ba1cf22f11685e9898503f,e38f798872a0c332944851f15acdeffa4a00b78bf55910bd96e95ab08e6379a0,html,"HTML document, ASCII text, with very long lines, with no line terminators",text/html,180726,2021-11-15T13:05:01+00:00,2021-11-15,2021-11-17T11:47:03+00:00,2021-11-17,17,56,0.3036,17,,0.0,hoax:1;ivbfjg:1,trojan,0.5294,trojan:9;phishing:4,HTML/Infected.WebPage.Gen2;Trojan.GenericKD.47388084 (B);Malicious (score: 99);Other:Malware-gen [Trj];Trojan.GenericKD.47388084;Trojan.Generic.D2D315B4;Other:Malware-gen [Trj];Trojan.GenericKD.47388084;Trojan.GenericKD.47388084;HEUR:Hoax.HTML.Phish.gen,https://www.virustotal.com/gui/file/e38f798872a0c332944851f15acdeffa4a00b78bf55910bd96e95ab08e6379a0/detection/f-e38f798872a0c332944851f15acdeffa4a00b78bf55910bd96e95ab08e6379a0-1636981501,clasificacion\VirusShare_00499\reportes\reporte\000ca1a11e9b973bc885560a119cd255.json
0011089dc2bf4867ec328bfbc0f003ff,51499e1e65bbafa92b8754b494df4e9ee528af37,7c32e90ff5238f711ca4ac6df0eadbd3be436fc6fde7a37e7cecf44d3296f7c9,exe,"PE32 executable (GUI) Intel 80386, for MS Windows",application/x-dosexec,14680064,2021-11-14T17:15:52+00:00,2021-11-14,2021-11-17T14:18:14+00:00,2021-11-17,47,67,0.7015,47,eylr,0.1489,eylr:7;admm:2;wacatac:2;susgen:1;sivis:1,trojan,0.4468,trojan:21;dropper:1;ransomware:1,Trojan.Malware.11196631.susgen;Trojan.Agent.EYLR (B);Trojan.Agent!1.D9AC (CLASSIC);Malicious (score: 100);Win32/Agent.ADMM;malicious.dc2bf4;Trojan ( 0058876d1 );Trojan/Generic.ASMalwS.204A4E5;W32/Agent.ADMM!tr;Win32:Malware-gen,https://www.virustotal.com/gui/file/7c32e90ff5238f711ca4ac6df0eadbd3be436fc6fde7a37e7cecf44d3296f7c9/detection/f-7c32e90ff5238f711ca4ac6df0eadbd3be436fc6fde7a37e7cecf44d3296f7c9-1636910152,clasificacion\VirusShare_00499\reportes\reporte\0011089dc2bf4867ec328bfbc0f003ff.json
0011344dc5e872410a72305f8195ed27,606f5058609ea98d037518464965e3df7b7aa397,4a2591333a1eb3a01df16048d0c15a07bb3c7246dc9cdb7a8e78223f61b614c7,dll,"PE32+ executable (DLL) (GUI) x86-64, for MS Windows",application/x-dosexec,10594519,2021-07-20T17:29:37+00:00,2021-07-20,2021-11-17T04:14:55+00:00,2021-11-17,40,63,0.6349,40,bulz,0.175,bulz:7;vmprotect:5;agentb:3;artemis:1;wwlp:1,trojan,0.475,trojan:19;rootkit:1,Trojan.Agentb.jfz;Artemis!0011344DC5E8;Malicious (score: 100);Trojan.Packed2.43111;a variant of Win32/Packed.VMProtect.ABO;W64/Trojan.WWLP-4623;Trojan.Agentb;Trojan.Gen.MBT;W64/VMProtect.2969!tr;Trojan ( 7000001d1 ),https://www.virustotal.com/gui/file/4a2591333a1eb3a01df16048d0c15a07bb3c7246dc9cdb7a8e78223f61b614c7/detection/f-4a2591333a1eb3a01df16048d0c15a07bb3c7246dc9cdb7a8e78223f61b614c7-1626802177,clasificacion\VirusShare_00499\reportes\reporte\0011344dc5e872410a72305f8195ed27.json
001161226b5fbe4294fbca2248efb1ae,563230d4caaf8eba4b040b977b2b4b6309e491dd,2051c4a330cad050fdbcd413e00da608cf564ec0ea3e364f5c40817f164a478e,exe,"PE32 executable (GUI) Intel 80386, for MS Windows",application/x-dosexec,212992,2021-11-11T23:46:43+00:00,2021-11-11,2021-11-18T01:43:57+00:00,2021-11-18,54,68,0.7941,54,cqst,0.1111,cqst:6;nobady:3;aenjaris:3;aidetect:1;asbol:1,trojan,0.463,trojan:25;virus:1,Virus.Win32.Save.a;Generic.mg.001161226b5fbe42;W32.AIDetect.malware2;TROJ_NOBADY.SM;Trojan/Generic.ASBOL.C536;W32/Agent.WTK!tr;Trojan ( 005701231 );Trojan.Agent.antno;Trj/Genetic.gen;Gen:NN.ZexaF.34266.nq0@aiRt5@ai,https://www.virustotal.com/gui/file/2051c4a330cad050fdbcd413e00da608cf564ec0ea3e364f5c40817f164a478e/detection/f-2051c4a330cad050fdbcd413e00da608cf564ec0ea3e364f5c40817f164a478e-1636674403,clasificacion\VirusShare_00499\reportes\reporte\001161226b5fbe4294fbca2248efb1ae.json
001230c0a001dff449342e454765b2d7,8165b2785b51e0c8e1c7520b6e89c5215267f984,e9f9b0a40df93886e55e62b2f037293acd92edd1e302505d3dd9a8cb1b9ac9db,pdf,"PDF document, version 1.4",application/pdf,82408,2021-11-14T16:10:24+00:00,2021-11-14,2021-11-17T09:46:45+00:00,2021-11-17,26,59,0.4407,26,,0.0,camelot:1;malurl:1,phishing,0.4615,phishing:12;trojan:7;stealer:2,PDF/Phishing.Agent.NDP;PDF.Spam.Heur.1;Pdf.Trojan.Spam.Jy;PDF.Z.Agent.82408.CD;PDF.Spam.Heur.1;malware (ai score=88);PDF.Spam.Heur.1 (B);PDF.Phisher.300;PDF:PhishingX-gen [Phish];HTML/Malicious.PDF.Gen2,https://www.virustotal.com/gui/file/e9f9b0a40df93886e55e62b2f037293acd92edd1e302505d3dd9a8cb1b9ac9db/detection/f-e9f9b0a40df93886e55e62b2f037293acd92edd1e302505d3dd9a8cb1b9ac9db-1636906224,clasificacion\VirusShare_00499\reportes\reporte\001230c0a001dff449342e454765b2d7.json
0012a056475efe5875509a774b031aae,9bec46332e87c9169eb030e95bd048e2c4bfd4f6,44f6638002da077eabb8925a44795e6d91f7231bc1ddffad320812a5ef1e6800,,"UTF-8 Unicode text, with very long lines",text/plain,215319,2021-11-13T15:06:18+00:00,2021-11-13,2021-11-17T02:54:24+00:00,2021-11-17,5,56,0.0893,5,faceliker,0.2,faceliker:1;iframe:1;cryxos:1;brocoiner:1,trojan,1.0,trojan:5,JS.Trojan.Agent.42292;Trojan.FaceLiker/JS!1.BAA9 (CLASSIC);Trojan.Iframe.JS.3;Trojan.JS.Cryxos;Trojan:HTML/Brocoiner,https://www.virustotal.com/gui/file/44f6638002da077eabb8925a44795e6d91f7231bc1ddffad320812a5ef1e6800/detection/f-44f6638002da077eabb8925a44795e6d91f7231bc1ddffad320812a5ef1e6800-1636815978,clasificacion\VirusShare_00499\reportes\reporte\0012a056475efe5875509a774b031aae.json
00145f9c9d2b3c8638545db24314546f,5f0b393598623d698833637cea2ceeda97e2caef,123a7bc83228dd0baf5ce2e7988f1b3779dbf48fee6e4d055a6e07ff0fc498a3,pdf,"PDF document, version 1.4",application/pdf,70402,2021-11-12T22:13:10+00:00,2021-11-12,2021-11-17T13:05:45+00:00,2021-11-17,24,59,0.4068,24,,0.0,camelot:1;sabsik:1;malurl:1,phishing,0.4167,phishing:10;trojan:5;stealer:1,HTML/Malicious.PDF.Gen2;PDF.Spam.Heur.1 (B);Trojan.Phishing/PDF!1.D8B8 (CLASSIC);Malicious (score: 99);PDF/Phishing.818B!tr;Trojan/Generic.ASMalwRG.151;PDF/Phishing.Agent.NDP;PDF:PhishingX-gen [Phish];PDF.Spam.Heur.1;BehavesLike.PDF.Suspicious.kb,https://www.virustotal.com/gui/file/123a7bc83228dd0baf5ce2e7988f1b3779dbf48fee6e4d055a6e07ff0fc498a3/detection/f-123a7bc83228dd0baf5ce2e7988f1b3779dbf48fee6e4d055a6e07ff0fc498a3-1636755190,clasificacion\VirusShare_00499\reportes\reporte\00145f9c9d2b3c8638545db24314546f.json
00156654d1857c952de2f7f46f65a7eb,3be5cd19fe4e6a440eccfdc1b34628cb2ef3b230,b918dadb258a30288ec672acbcc79b1abd70577be03bf197e421dc5f5b4836f1,exe,"PE32 executable (GUI) Intel 80386 (stripped to external PDB), for MS Windows",application/x-dosexec,9127101,2021-11-13T23:15:42+00:00,2021-11-13,2021-11-17T23:36:47+00:00,2021-11-17,38,66,0.5758,38,atcpa,0.2632,atcpa:10;hllp:7;birich:7;ftcpa:2;aidetect:1,virus,0.1053,trojan:4;virus:4;ransomware:1,Generic.mg.00156654d1857c95;W32.AIDetect.malware2;PE_FTCPA.A;Trojan/Generic.ASVirus.30F;W32/HLLP.Atcpa;Ransom.Win32.Gen.oa!s1;Trojan ( 005824ff1 );Win32.Birich.44103;Malicious (score: 100);W32/Atcpa,https://www.virustotal.com/gui/file/b918dadb258a30288ec672acbcc79b1abd70577be03bf197e421dc5f5b4836f1/detection/f-b918dadb258a30288ec672acbcc79b1abd70577be03bf197e421dc5f5b4836f1-1636845342,clasificacion\VirusShare_00499\reportes\reporte\00156654d1857c952de2f7f46f65a7eb.json
001758b161f0862e30827fbf0a226702,a6b5ed8ca8ec935085137714364ce36e91286e4b,da427c08d34e8da3ef951550c28c52af95f6fc07c518acf0135cc640cd4399a0,pdf,"PDF document, version 1.4",application/pdf,76301,2021-11-15T15:05:25+00:00,2021-11-15,2021-11-17T10:58:22+00:00,2021-11-17,26,60,0.4333,26,,0.0,gerphish:1;camelot:1;malurl:1,phishing,0.3846,phishing:10;trojan:7;stealer:2,Trojan.PDF.stealer.phishing.e;HTML/Malicious.PDF.Gen2;Trojan.Phishing!1.D9C3 (CLASSIC);Malicious (score: 99);Pdf.Trojan.Spam.Kd;PDF/Phishing.4BCA!tr;Trojan/Generic.ASMalwRG.150;PDF/Phishing.A.Gen;PDF:PhishingX-gen [Phish];PDF.Spam.Heur.1,https://www.virustotal.com/gui/file/da427c08d34e8da3ef951550c28c52af95f6fc07c518acf0135cc640cd4399a0/detection/f-da427c08d34e8da3ef951550c28c52af95f6fc07c518acf0135cc640cd4399a0-1636988725,clasificacion\VirusShare_00499\reportes\reporte\001758b161f0862e30827fbf0a226702.json
0017e88562324dba4c5309c940ea7b84,f1fa73954b4a7cb0e4ec9e63d59251830cea246a,4e77d6e7014f7f99d50d45d11c0f0a20107c57eb985e3d83ae9633778370755c,exe,"PE32+ executable (console) x86-64, for MS Windows",application/x-dosexec,23132,2021-11-14T16:16:34+00:00,2021-11-14,2021-11-17T03:10:56+00:00,2021-11-17,13,64,0.2031,13,tedy,0.6154,tedy:8;ipamor:1,trojan,0.1538,trojan:2,W64/Ipamor.DF.gen!Eldorado;W64/Agent.6C67!tr;Gen:Variant.Tedy.7763;Gen:Variant.Tedy.7763 (B);malware (ai score=80);Gen:Variant.Tedy.7763;Gen:Variant.Tedy.7763;Unsafe;Gen:Variant.Tedy.7763;Gen:Variant.Tedy.7763,https://www.virustotal.com/gui/file/4e77d6e7014f7f99d50d45d11c0f0a20107c57eb985e3d83ae9633778370755c/detection/f-4e77d6e7014f7f99d50d45d11c0f0a20107c57eb985e3d83ae9633778370755c-1636906594,clasificacion\VirusShare_00499\reportes\reporte\0017e88562324dba4c5309c940ea7b84.json
00182ec997a2e3111dccd4a1c234be8d,a7f18c2309be991b979f6d39b1f00a4ffa3282da,97d22660e5b473db5142fc5a6df8bf7fc4c1675cdfb61b253fbf1eb50f47d462,,ASCII text,text/plain,4439,2021-11-14T20:36:33+00:00,2021-11-14,2021-11-17T18:59:22+00:00,2021-11-17,13,56,0.2321,13,cryxos,0.6154,cryxos:8;astvirus:1,trojan,0.8462,trojan:11;redirector:1,Trojan.Cryxos.JS.4;JS:Trojan.Cryxos.6249;Trojan/Generic.ASTVirus.5B;JS:Trojan.Cryxos.6249;JS:Trojan.Cryxos.6249;Trojan.Script;JS:Trojan.Cryxos.6249;JS/Redirector.OVN;JS:Trojan.Cryxos.6249;JS:Trojan.Cryxos.6249 (B),https://www.virustotal.com/gui/file/97d22660e5b473db5142fc5a6df8bf7fc4c1675cdfb61b253fbf1eb50f47d462/detection/f-97d22660e5b473db5142fc5a6df8bf7fc4c1675cdfb61b253fbf1eb50f47d462-1636922193,clasificacion\VirusShare_00499\reportes\reporte\00182ec997a2e3111dccd4a1c234be8d.json
0019ab4ca62220d807fbd67e144b92cf,e5cc0e33b4b06883a24f47326d0181e5b82ab94d,b048eec3d68de702f63a78bb93f9159cedfdc33ec3fc82b5d82d3c279f7b768d,pdf,"PDF document, version 1.4",application/pdf,73167,2021-11-11T11:34:43+00:00,2021-11-11,2021-11-17T22:36:40+00:00,2021-11-17,29,60,0.4833,29,,0.0,camelot:1;static:1;malurl:1,phishing,0.4483,phishing:13;trojan:7;stealer:1,Phishing.Generic-PDF.Save.31d82dfe;PDF.Spam.Heur.1;Malicious (score: 99);Trojan/Generic.ASMalwRG.151;PDF/Phishing.4BCA!tr;Trojan.Pdf.Phishing.e;PDF.Spam.Heur.1;PDF/Phish-FAB!0019AB4CA622;Trojan.Phishing/PDF!1.D56E (CLASSIC);PDF.Trojan-Stealer.Phishing.E,https://www.virustotal.com/gui/file/b048eec3d68de702f63a78bb93f9159cedfdc33ec3fc82b5d82d3c279f7b768d/detection/f-b048eec3d68de702f63a78bb93f9159cedfdc33ec3fc82b5d82d3c279f7b768d-1636630483,clasificacion\VirusShare_00499\reportes\reporte\0019ab4ca62220d807fbd67e144b92cf.json
0019db8f7f1c3eff59001982e9a1a177,6e8b76d7de34560de30a399291a5629497ba2cab,4b9b9346d96f6fdeec6a6bb13becac2ab8169d59f1e7c86723145db888b7b17b,exe,"PE32 executable (GUI) Intel 80386, for MS Windows",application/x-dosexec,2089472,2021-11-10T19:11:58+00:00,2021-11-10,2021-11-18T07:13:46+00:00,2021-11-18,52,67,0.7761,52,,0.0,salgorea:5;dynamer:2;strictor:1;elvcno:1;gencirc:1,trojan,0.4231,trojan:22;backdoor:4;dropper:3,Backdoor.Win32.Salgorea.ie;Trojan.GenericKD.46915368;Backdoor/W32.Agent.2089472.B;Backdoor.Salgorea;Trojan.GenericKD.46915368;W32/Salgorea.L.gen!Eldorado;Trojan.Win32.Strictor.elvcno;Trojan.Win32.Save.a;Unsafe.AI_Score_99%;Win32:Trojan-gen,https://www.virustotal.com/gui/file/4b9b9346d96f6fdeec6a6bb13becac2ab8169d59f1e7c86723145db888b7b17b/detection/f-4b9b9346d96f6fdeec6a6bb13becac2ab8169d59f1e7c86723145db888b7b17b-1636571518,clasificacion\VirusShare_00499\reportes\reporte\0019db8f7f1c3eff59001982e9a1a177.json
001c7c17dd6ed17d40a948b30312888b,8fedc873fc163f6c9d3f6c9d1623067ab88c233b,0367541d25886880a1850198385bf58fa9c21c8387e1b504c7572f9443e9d940,pdf,"PDF document, version 1.4",application/pdf,38507,2021-11-11T18:35:05+00:00,2021-11-11,2021-11-17T04:57:18+00:00,2021-11-17,11,57,0.193,11,,0.0,camelot:1;malurl:1;artemis:1;minerva:1;oobck:1,phishing,0.5455,phishing:6;trojan:5;stealer:1,Malicious (score: 99);PDF/Phish.U.gen!Camelot;BehavesLike.PDF.Trojan.nb;PDF/Phishing.4BCA!tr;Trojan.Phishing!1.D9C3 (CLASSIC);Phishing/PDF.Malurl.XG5;PDF.Trojan-Stealer.Phishing.E;Trojan.PDF.Phishing;Artemis!001C7C17DD6E;Trojan/Generic.ASMalwRG.151,https://www.virustotal.com/gui/file/0367541d25886880a1850198385bf58fa9c21c8387e1b504c7572f9443e9d940/detection/f-0367541d25886880a1850198385bf58fa9c21c8387e1b504c7572f9443e9d940-1636655705,clasificacion\VirusShare_00499\reportes\reporte\001c7c17dd6ed17d40a948b30312888b.json
001ce9fd454cf0f313fcead90784922d,6b2f909384250bff948432e045abf5c4fda1d7b8,82bbc93f8b041a747819e9366616f8187dd06e6a8a5abe41e75c958e61e970ed,pdf,"PDF document, version 1.4",application/pdf,116294,2021-11-15T08:26:18+00:00,2021-11-15,2021-11-18T01:06:21+00:00,2021-11-18,26,60,0.4333,26,,0.0,gerphish:1;camelot:1;malurl:1,phishing,0.4231,phishing:11;trojan:7;stealer:2,PDF.Spam.Heur.1;Malicious (score: 99);Trojan/Generic.ASMalwRG.150;PDF/Phishing.4BCA!tr;Trojan.WIN32.stealer.phishing.e;PDF.Spam.Heur.1;PDF/Phish-FOH!001CE9FD454C;Trojan.Phishing!1.D9C3 (CLASSIC);PDF.Trojan-Stealer.Phishing.E;PDF.Phishing.44412,https://www.virustotal.com/gui/file/82bbc93f8b041a747819e9366616f8187dd06e6a8a5abe41e75c958e61e970ed/detection/f-82bbc93f8b041a747819e9366616f8187dd06e6a8a5abe41e75c958e61e970ed-1636964778,clasificacion\VirusShare_00499\reportes\reporte\001ce9fd454cf0f313fcead90784922d.json
001d012ca909c2ed915b1ea05bbaa015,5c7e08d8e07ffe094355e82d4561a8e77cc62690,f95e30cb3d275bb704fd5d2e1ce7898f6086e34593860d0891d6e3152cce0056,html,"HTML document, UTF-8 Unicode text, with very long lines",text/html,13333,2021-11-16T17:38:35+00:00,2021-11-16,2021-11-17T23:55:24+00:00,2021-11-17,17,58,0.2931,17,,0.0,,trojan,0.4706,trojan:8;phishing:6,Trojan.GenericKD.47400699;Malicious (score: 99);Trojan/Generic.ASMalwRG.14E;HTML/Phishing.BIB!tr;Trojan.GenericKD.47400699;Trojan.GenericKD.47400699;Phishing.HTML.Doc;Trojan.GenericKD.47400699;HTML/Phishing.Agent.BKS;HTML:PhishingMail-AAM [Phish],https://www.virustotal.com/gui/file/f95e30cb3d275bb704fd5d2e1ce7898f6086e34593860d0891d6e3152cce0056/detection/f-f95e30cb3d275bb704fd5d2e1ce7898f6086e34593860d0891d6e3152cce0056-1637084315,clasificacion\VirusShare_00499\reportes\reporte\001d012ca909c2ed915b1ea05bbaa015.json
0020b9be54b2c7b661f04c559a3e0db4,5215aecaf2c667d24740b9e8d2b8189f051ead7b,3dbba91339a7f743a275a8dfe69e90a204e188837ec00819bba686545920d408,exe,"PE32 executable (GUI) Intel 80386 (stripped to external PDB), for MS Windows, UPX compressed",application/x-dosexec,77824,2021-11-10T10:20:39+00:00,2021-11-10,2021-11-18T09:18:50+00:00,2021-11-18,49,66,0.7424,49,,0.0,clicker:2;genome:2;lamer:1;click:1;sdgrjkyvuds:1,trojan,0.4694,trojan:23;dropper:3;virus:1;ransomware:1,Virus.Win32.Lamer.ks;Trojan.GenericKD.45798479;Trojan.TR/Dropper.Gen;Trojan.Click;Trojan.GenericKD.45798479;W32/Agent.CGR.gen!Eldorado;Trojan.Clicker;Suspicious.Win32.Save.a;Win32:Malware-gen;Win32.Trojan.PSE.1I6SUSZ,https://www.virustotal.com/gui/file/3dbba91339a7f743a275a8dfe69e90a204e188837ec00819bba686545920d408/detection/f-3dbba91339a7f743a275a8dfe69e90a204e188837ec00819bba686545920d408-1636539639,clasificacion\VirusShare_00499\reportes\reporte\0020b9be54b2c7b661f04c559a3e0db4.json
00227e03a06d365f1679376e42e2714d,640f341960ce6f0b1d8b4c8eef34d7426011884e,2ea126f37b6dadcc3d740a7b066a68e11573984d0565ef6f315b5033f4e20b7a,exe,"PE32 executable (GUI) Intel 80386, for MS Windows",application/x-dosexec,9932512,2021-11-16T13:22:47+00:00,2021-11-16,2021-11-17T04:28:09+00:00,2021-11-17,36,66,0.5455,36,,0.0,vmprotect:2;zexaf:1;attribute:1;highconfidence:1;behavior:1,trojan,0.4167,trojan:15;downloader:1,TrojanDownloader.Agent;Malicious (score: 100);Trojan.Siggen15.41154;a variant of Win32/Packed.VMProtect.XY;Packed:Win32/VMProtect.9e772ae7;Gen:NN.ZexaF.34266.@RZ@aOXfv1fb;BehavesLike.Win32.Generic.tc;ML.Attribute.HighConfidence;Malicious_Behavior.SB;Trojan ( 00581d6f1 ),https://www.virustotal.com/gui/file/2ea126f37b6dadcc3d740a7b066a68e11573984d0565ef6f315b5033f4e20b7a/detection/f-2ea126f37b6dadcc3d740a7b066a68e11573984d0565ef6f315b5033f4e20b7a-1637068967,clasificacion\VirusShare_00499\reportes\reporte\00227e03a06d365f1679376e42e2714d.json
00247b349bdbdd530f39d3eb8fbfc333,79c25df7a987b2e5ba902b9d8ffe6656b928890f,81b6081fe6b592ec32a0e5f885903b13debfb01e6c9b20ad325d1e1a9ced772f,html,"HTML document, UTF-8 Unicode text, with very long lines",text/html,45514,2021-11-13T04:49:39+00:00,2021-11-13,2021-11-17T09:23:26+00:00,2021-11-17,7,57,0.1228,7,expkit,0.1429,expkit:1,trojan,0.2857,trojan:2,JS/Agent.PFM;HTML/ExpKit.Gen2;Malicious (score: 99);HTML.Trojan.Agent.44663;Trojan.JS.Agent;JS/Agent.AYJ!Eldorado;JS/Agent.PFM!tr,https://www.virustotal.com/gui/file/81b6081fe6b592ec32a0e5f885903b13debfb01e6c9b20ad325d1e1a9ced772f/detection/f-81b6081fe6b592ec32a0e5f885903b13debfb01e6c9b20ad325d1e1a9ced772f-1636778979,clasificacion\VirusShare_00499\reportes\reporte\00247b349bdbdd530f39d3eb8fbfc333.json
00267496d1934c4f3215a7174b9c957e,ce42a4031a603edc9d9993a13736d073a721bfcf,f0f404e514b32567fbcc41d9b9f0c1f433f8527b9560fa9d2bb366daec943cc2,html,"HTML document, UTF-8 Unicode text, with very long lines",text/html,64164,2021-11-12T22:35:53+00:00,2021-11-12,2021-11-17T17:21:45+00:00,2021-11-17,8,57,0.1404,8,fbjack,0.375,fbjack:3;faceliker:3;fdpzpz:1;trojware:1,trojan,0.5,trojan:4,Trojan/JS.FBJack.a;JS/Faceliker.O!tr;HEUR:Trojan.Script.Generic;Trojan.Script.FaceLiker.fdpzpz;Trojan.Generic-Script.Save.e061a549;TrojWare.JS.FBJack.G@7ukg16;JS/Faceliker.O;Mal/FBJack-I,https://www.virustotal.com/gui/file/f0f404e514b32567fbcc41d9b9f0c1f433f8527b9560fa9d2bb366daec943cc2/detection/f-f0f404e514b32567fbcc41d9b9f0c1f433f8527b9560fa9d2bb366daec943cc2-1636756553,clasificacion\VirusShare_00499\reportes\reporte\00267496d1934c4f3215a7174b9c957e.json
00267a4d2da0f8e17390bde26ee61d05,084cf824904285987120dd4e44be85117b9be8bf,fc3b91bb21632c2f3123241e891c696cf93a06d0a852b3e43768116c758954f0,exe,"PE32 executable (GUI) Intel 80386, for MS Windows",application/x-dosexec,573440,2021-11-08T18:06:45+00:00,2021-11-08,2021-11-18T04:17:19+00:00,2021-11-18,45,67,0.6716,45,,0.0,rums:3;lowzones:2;ymacco:1;abfc:1;susgen:1,trojan,0.4889,trojan:22;banker:4;riskware:2;downloader:2,Trojan.Generic.D2207675;TROJ_GEN.R002C0PK621;Trojan.LowZones.1991;Malicious;malicious.d2da0f;Trojan:Win32/Ymacco.ABFC;Trojan/Generic.ASMalwS.6E40D;TROJ_GEN.R002C0PK621;Trojan.GenericKD.35681909 (B);Trojan.Malware.74300857.susgen,https://www.virustotal.com/gui/file/fc3b91bb21632c2f3123241e891c696cf93a06d0a852b3e43768116c758954f0/detection/f-fc3b91bb21632c2f3123241e891c696cf93a06d0a852b3e43768116c758954f0-1636394805,clasificacion\VirusShare_00499\reportes\reporte\00267a4d2da0f8e17390bde26ee61d05.json
0028eab65f5a1d567481ae543a92d946,4437aa4d347ccd143a8e7142e45a26471b9d4482,dc67b4f9da639f69caa84c459519c48f31fad73bab6777663c0a61a70c80960e,pdf,"PDF document, version 1.4",application/pdf,71743,2021-11-09T14:35:07+00:00,2021-11-09,2021-11-17T02:54:10+00:00,2021-11-17,27,61,0.4426,27,,0.0,gerphish:1;camelot:1;malurl:1,phishing,0.4074,phishing:11;trojan:8;stealer:2,PDF.Z.Agent.71743.EE;Trojan.PDF.Phishing.4!c;Malicious (score: 99);PDF.Phisher.300;PDF/Phishing.Agent.NDP;PDF/Gerphish.N.gen!Camelot;Pdf.Trojan.Spam.Ua;BehavesLike.PDF.Suspicious.lb;Trojan.Gen.NPE;PDF/Phishing.818B!tr,https://www.virustotal.com/gui/file/dc67b4f9da639f69caa84c459519c48f31fad73bab6777663c0a61a70c80960e/detection/f-dc67b4f9da639f69caa84c459519c48f31fad73bab6777663c0a61a70c80960e-1636468507,clasificacion\VirusShare_00499\reportes\reporte\0028eab65f5a1d567481ae543a92d946.json
0029ada0d5475e0c0615f97a86218580,d9f1416dc5e612852ff799d54ed57a6074b8cc74,204beb4c5f6e80760d3f1ffbd42d94cccf80336c4747b690c0ff4776d4ba1c86,pdf,"PDF document, version 1.4",application/pdf,71567,2021-10-28T21:34:49+00:00,2021-10-28,2021-11-17T07:42:32+00:00,2021-11-17,15,61,0.2459,15,,0.0,camelot:1,phishing,0.6,phishing:9;trojan:5;stealer:1,Malicious (score: 99);PDF.Phisher.300;PDF/Phishing.Agent.NDP;PDF/Phish.U.gen!Camelot;BehavesLike.PDF.Suspicious.kb;Trojan.Gen.NPE;PDF/Phishing.818B!tr;PDF.Trojan-Stealer.Phishing.E;Trojan.Phishing/PDF!1.D8B8 (CLASSIC);PDF:PhishingX-gen [Phish],https://www.virustotal.com/gui/file/204beb4c5f6e80760d3f1ffbd42d94cccf80336c4747b690c0ff4776d4ba1c86/detection/f-204beb4c5f6e80760d3f1ffbd42d94cccf80336c4747b690c0ff4776d4ba1c86-1635456889,clasificacion\VirusShare_00499\reportes\reporte\0029ada0d5475e0c0615f97a86218580.json
002c81b832dfa1617aa8383337bbdc64,bf2d9d8d0475e4270a9935efd8a66692aa231402,c716fce767865d97e743859243db2255f82f73b13e6b580b1eacda86be6ba9ed,pdf,"PDF document, version 1.4",application/pdf,85359,2021-11-17T13:17:49+00:00,2021-11-17,2021-11-17T22:36:48+00:00,2021-11-17,21,55,0.3818,21,,0.0,gerphish:1;camelot:1;malurl:1,phishing,0.381,phishing:8;trojan:6;stealer:1,PDF.Spam.Heur.1;Malicious (score: 99);Trojan/Generic.ASMalwRG.150;PDF/Phishing.4BCA!tr;PDF.Spam.Heur.1;Trojan.Phishing!1.D9C3 (CLASSIC);PDF.Trojan-Stealer.Phishing.E;PDF.Phisher.300;PDF.Spam.Heur.1;PDF/Phishing.Agent.NDP,https://www.virustotal.com/gui/file/c716fce767865d97e743859243db2255f82f73b13e6b580b1eacda86be6ba9ed/detection/f-c716fce767865d97e743859243db2255f82f73b13e6b580b1eacda86be6ba9ed-1637155069,clasificacion\VirusShare_00499\reportes\reporte\002c81b832dfa1617aa8383337bbdc64.json
002c907548ec5bea398e7ed11c07e346,0eb7d7a69b53c3494b455dc8714c90ee973f1304,9de9243ff5280e5aea4f40bab65ec16bc37d0c78e5fc746ce1519efaa3377ebf,exe,"PE32 executable (GUI) Intel 80386, for MS Windows",application/x-dosexec,192686,2021-11-10T20:00:39+00:00,2021-11-10,2021-11-17T05:57:12+00:00,2021-11-17,42,67,0.6269,42,,0.0,vbclone:3;ajku:2;aqyg:1;sscope:1;packer:1,trojan,0.4762,trojan:20;dropper:1,Trojan.VB.aqyg;SScope.Trojan.VB;Malicious (score: 100);Trojan.MulDrop9.358;a variant of Win32/VBClone.E;W32/VB_Troj.J.gen!Eldorado;AI:Packer.49EC688B1D;BehavesLike.Win32.Generic.cc;W32/VP2.LM1!tr;Trojan ( 004d83031 ),https://www.virustotal.com/gui/file/9de9243ff5280e5aea4f40bab65ec16bc37d0c78e5fc746ce1519efaa3377ebf/detection/f-9de9243ff5280e5aea4f40bab65ec16bc37d0c78e5fc746ce1519efaa3377ebf-1636574439,clasificacion\VirusShare_00499\reportes\reporte\002c907548ec5bea398e7ed11c07e346.json
002d8b1b2df45bd09cc90a5b9acb3f29,f87fa38f547b912a710e1afbdd8cf119f9a88b58,fb4f6d7e70e8c00a9724464c513060c04abe3799cb17b36e7dc298e896ea9136,exe,"PE32 executable (GUI) Intel 80386, for MS Windows, UPX compressed",application/x-dosexec,87941,2021-11-10T20:26:24+00:00,2021-11-10,2021-11-17T01:42:58+00:00,2021-11-17,48,68,0.7059,48,sivis,0.2083,sivis:10;cosmu:2;bcfz:2;bscope:1;fileinfector:1,trojan,0.2917,trojan:14;virus:5;ransomware:1,Virus.W32.Agent.ES;BScope.Trojan.Cosmu;Malicious (score: 100);Win32/Agent.NBA;W32/Sivis.A;AI:FileInfector.0DC56C850D;BehavesLike.Win32.Generic.mt;W32.Suviapen;W32/Sivis.A!tr;Trojan ( 00589a411 ),https://www.virustotal.com/gui/file/fb4f6d7e70e8c00a9724464c513060c04abe3799cb17b36e7dc298e896ea9136/detection/f-fb4f6d7e70e8c00a9724464c513060c04abe3799cb17b36e7dc298e896ea9136-1636575984,clasificacion\VirusShare_00499\reportes\reporte\002d8b1b2df45bd09cc90a5b9acb3f29.json
002dd22dc3fb2d9e50dc1f8664c32ef1,e9f87c5ac7b750d729e49480366ef2abac0a9fd9,d216b555f240d99de240933b80182ea581636f0871e091f2977bae2270222f86,pdf,"PDF document, version 1.4",application/pdf,71233,2021-11-16T14:06:18+00:00,2021-11-16,2021-11-17T23:17:08+00:00,2021-11-17,28,60,0.4667,28,,0.0,gerphish:1;camelot:1;malurl:1,phishing,0.3929,phishing:11;trojan:9;stealer:2,PDF.Spam.Heur.1;Malicious (score: 99);Trojan/Generic.ASMalwRG.150;PDF/Phishing.818B!tr;Trojan.PDF.stealer.phishing.e;PDF.Spam.Heur.1;Trojan.Phishing/PDF!1.D8B8 (CLASSIC);PDF.Trojan-Stealer.Phishing.E;Pdf.Trojan.A3181141;Trojan.PDF.Phishing,https://www.virustotal.com/gui/file/d216b555f240d99de240933b80182ea581636f0871e091f2977bae2270222f86/detection/f-d216b555f240d99de240933b80182ea581636f0871e091f2977bae2270222f86-1637071578,clasificacion\VirusShare_00499\reportes\reporte\002dd22dc3fb2d9e50dc1f8664c32ef1.json
002de1d0f0c0316c162f932439c2367f,237a6f1f99f11d2fca558618117390d94b611604,dfc1ab931304a8732a9ea798d98cc76bf14a8b9a245a7171524aeb0fa4ce0758,,"UTF-8 Unicode text, with very long lines",text/plain,201715,2021-11-12T03:51:50+00:00,2021-11-12,2021-11-17T04:07:43+00:00,2021-11-17,7,57,0.1228,7,faceliker,0.2857,faceliker:2;sabsik:1,trojan,0.5714,trojan:4,Trojan.FaceLiker/JS!1.BAA9 (CLASSIC);Script:SNH-gen [Trj];Trojan.FaceLiker.JS.2;Trojan.Script;Script:SNH-gen [Trj];Malware.Generic-Script.Save.1f432c47;Trojan:Script/Sabsik.FL.B!ml,https://www.virustotal.com/gui/file/dfc1ab931304a8732a9ea798d98cc76bf14a8b9a245a7171524aeb0fa4ce0758/detection/f-dfc1ab931304a8732a9ea798d98cc76bf14a8b9a245a7171524aeb0fa4ce0758-1636689110,clasificacion\VirusShare_00499\reportes\reporte\002de1d0f0c0316c162f932439c2367f.json
002e2996b3d34071bb37d21e7e606473,dff0c54688ad94cd9efb3fbd19f16b3638b22cb6,f9558387334d4f84db891f08e3ad9ebf9701dad66d037e6af5df087fad1c41ba,,"UTF-8 Unicode text, with very long lines",text/plain,202367,2021-11-14T01:11:56+00:00,2021-11-14,2021-11-18T03:06:15+00:00,2021-11-18,5,56,0.0893,5,faceliker,0.4,faceliker:2;iframe:1;cryxos:1,trojan,0.8,trojan:4,Trojan.Iframe.JS.3;Trojan.FaceLiker/JS!1.BAA9 (CLASSIC);Trojan.JS.Cryxos;JS.Trojan.Agent.42292;TrojanClicker:JS/Faceliker,https://www.virustotal.com/gui/file/f9558387334d4f84db891f08e3ad9ebf9701dad66d037e6af5df087fad1c41ba/detection/f-f9558387334d4f84db891f08e3ad9ebf9701dad66d037e6af5df087fad1c41ba-1636852316,clasificacion\VirusShare_00499\reportes\reporte\002e2996b3d34071bb37d21e7e606473.json
002f3b7bbf8f5fda3189fac8362f3efb,d9096187dc6566afba68a65a095ee543ddab050a,79b8591aaf1bfbca6ba16e7e0dda127cd485876cb5906ff64c8b675c3261a3ca,exe,"PE32 executable (GUI) Intel 80386 (stripped to external PDB), for MS Windows, UPX compressed",application/x-dosexec,516239,2021-11-12T17:17:17+00:00,2021-11-12,2021-11-18T01:33:11+00:00,2021-11-18,54,68,0.7941,54,,0.0,razy:5;qqpass:3;tremp:3;password:2;genetic:1,trojan,0.3148,trojan:17;stealer:4;adware:1;dropper:1,Trojan.Win32.Save.a;Trojan.QQPass.Win32.57350;Trj/Genetic.gen;Generic.mg.002f3b7bbf8f5fda;W32.AIDetect.malware1;Win32.Trojan-PSW.QQPass.p;Trojan/Generic.ASMalwS.28F75A6;W32/GameHack.AX!tr;Trojan.Win32.Packed.oa!s1;Password-Stealer ( 004b38871 ),https://www.virustotal.com/gui/file/79b8591aaf1bfbca6ba16e7e0dda127cd485876cb5906ff64c8b675c3261a3ca/detection/f-79b8591aaf1bfbca6ba16e7e0dda127cd485876cb5906ff64c8b675c3261a3ca-1636737437,clasificacion\VirusShare_00499\reportes\reporte\002f3b7bbf8f5fda3189fac8362f3efb.json
00302011ca89f0b53a967ce290a74144,97f0417e98a362109f909a7a66cb6f486d621cff,c9e0e5dbcc63103be39b03f418c2eea6ac63a66a39d11c2ddaab9e965e3c1ba4,exe,"MS-DOS executable, MZ for MS-DOS",application/x-dosexec,822955,2021-11-11T15:31:06+00:00,2021-11-11,2021-11-18T06:42:39+00:00,2021-11-18,57,67,0.8507,57,,0.0,dropped:5;urelas:5;krap:4;gupboot:4;itpfaw:1,trojan,0.4035,trojan:23;worm:2;dropper:1;hacktool:1,Packed.Win32.Krap.ai;Dropped:Trojan.GenericKD.47267337;Trojan.Packed;suspicious;Dropped:Trojan.GenericKD.47267337;Trojan/Win32.Gupboot.R288529;W32/S-91757b10!Eldorado;Trojan.Win32.Krap.itpfaw;Unsafe.AI_Score_99%;Win32:TrojanX-gen [Trj],https://www.virustotal.com/gui/file/c9e0e5dbcc63103be39b03f418c2eea6ac63a66a39d11c2ddaab9e965e3c1ba4/detection/f-c9e0e5dbcc63103be39b03f418c2eea6ac63a66a39d11c2ddaab9e965e3c1ba4-1636644666,clasificacion\VirusShare_00499\reportes\reporte\00302011ca89f0b53a967ce290a74144.json
003026d6f6d8ff8560b847cb8c05ccf1,1bd2c5c44b2b056e6e63e9fa66c0f69b28e7b894,99763b28544b398b694f06aa45dd98fc71b6b6a2b4f84c8e9ec9924b456886b8,pdf,"PDF document, version 1.4",application/pdf,70612,2021-11-13T01:18:56+00:00,2021-11-13,2021-11-17T16:15:09+00:00,2021-11-17,23,60,0.3833,23,,0.0,camelot:1;malurl:1,phishing,0.4783,phishing:11;trojan:4;stealer:1,PDF.Spam.Heur.1;Malicious (score: 99);Trojan/Generic.ASMalwRG.151;PDF/Phishing.818B!tr;PDF.Spam.Heur.1;Trojan.Phishing/PDF!1.D8B8 (CLASSIC);PDF.Trojan-Stealer.Phishing.E;PDF.Phishing.44455;Trojan.PDF.Phishing;PDF.Phisher.300,https://www.virustotal.com/gui/file/99763b28544b398b694f06aa45dd98fc71b6b6a2b4f84c8e9ec9924b456886b8/detection/f-99763b28544b398b694f06aa45dd98fc71b6b6a2b4f84c8e9ec9924b456886b8-1636766336,clasificacion\VirusShare_00499\reportes\reporte\003026d6f6d8ff8560b847cb8c05ccf1.json
0031f029a4fac02821a4db3168590705,e33fd5b1eed0096ee86b8d762979102f3af64469,668eba558892d6d36406d2a9a7551d3a618edd941183e02f611ad3440f27f76b,exe,"PE32 executable (GUI) Intel 80386, for MS Windows",application/x-dosexec,6019929,2021-11-11T08:04:24+00:00,2021-11-11,2021-11-17T01:42:44+00:00,2021-11-17,47,67,0.7015,47,shodi,0.4894,shodi:23;hllp:17;shohdi:2;cause:2;genasa:1,virus,0.1915,virus:9;trojan:6;worm:2;ransomware:1;dropper:1,Trojan/HLLP.i;W32/Shodi.worm.a;Malicious (score: 100);Win32.HLLP.Shohdi.61457;Win32/HLLP.Shodi.A;W32/Cause.A;W32/Shodi.worm.a;Trojan.GenericRI.S23925866;W32.HLLP.Shodi;W32/Cause.A,https://www.virustotal.com/gui/file/668eba558892d6d36406d2a9a7551d3a618edd941183e02f611ad3440f27f76b/detection/f-668eba558892d6d36406d2a9a7551d3a618edd941183e02f611ad3440f27f76b-1636617864,clasificacion\VirusShare_00499\reportes\reporte\0031f029a4fac02821a4db3168590705.json
00323325bb2143e014e22d81de010cc8,0f698bbb59c953678028f9b388e5217f9183078f,8016401510c1265e95d8edf6ccef7102b8f004f3bf7f00e300c2b4e3ffb5aa54,lnk,"MS Windows shortcut, Item id list present, Points to a file or directory, Has Description string, Has Relative path, Has Working directory, Archive, ctime=Tue Oct 26 18:43:53 2021, mtime=Sun Nov 14 18:41:58 2021, atime=Sun Nov 14 18:41:52 2021, length=20427969, window=hide",application/octet-stream,2788,2021-11-14T05:46:57+00:00,2021-11-14,2021-11-17T08:48:37+00:00,2021-11-17,5,56,0.0893,5,lnkrun,0.2,lnkrun:1;runner:1;vpat:1,trojan,0.2,trojan:1,Malicious (score: 99);LNK/Run.AZ!tr;Troj/LnkRun-AZ;Trojan.LNK.Agent;LNK/Runner.VPAT,https://www.virustotal.com/gui/file/8016401510c1265e95d8edf6ccef7102b8f004f3bf7f00e300c2b4e3ffb5aa54/detection/f-8016401510c1265e95d8edf6ccef7102b8f004f3bf7f00e300c2b4e3ffb5aa54-1636868817,clasificacion\VirusShare_00499\reportes\reporte\00323325bb2143e014e22d81de010cc8.json
0035550f4508d96535a7070acacc7834,930449b96edcdc3f84370f8d1b219cd85174c20d,415455f3e9e87b02b6d98ac12245b3ee99656efe2a328b230b320eae8940c2bc,exe,"PE32 executable (console) Intel 80386, for MS Windows",application/x-dosexec,389632,2021-11-15T02:40:21+00:00,2021-11-15,2021-11-18T06:31:23+00:00,2021-11-18,38,67,0.5672,38,,0.0,zusy:2;artemis:2;xxmm:1;attribute:1;highconfidence:1,trojan,0.4474,trojan:17,HEUR:Trojan.Win32.Xxmm.gen;Trojan.GenericKDZ.80115;Trojan.Win64.Agent;Trojan.GenericKDZ.80115;Malware.AI.4163131310;Unsafe.AI_Score_99%;Win64:Malware-gen;Trojan.GenericKDZ.80115;Win32.Trojan.Zusy.Bdt;malicious (high confidence),https://www.virustotal.com/gui/file/415455f3e9e87b02b6d98ac12245b3ee99656efe2a328b230b320eae8940c2bc/detection/f-415455f3e9e87b02b6d98ac12245b3ee99656efe2a328b230b320eae8940c2bc-1636944021,clasificacion\VirusShare_00499\reportes\reporte\0035550f4508d96535a7070acacc7834.json
0035dd4ec2f93ac1177dfab0f5d357c6,99a0f19d9f5d5c5f9386c2b3de77c9ed3d6f70b5,ea7046bd99c22442be1e2aa1ed26200923950e44fb9535db423d3e02ea48aebf,s,"ASCII text, with very long lines, with CRLF line terminators",text/plain,7647,2021-11-10T19:49:09+00:00,2021-11-10,2021-11-17T13:27:03+00:00,2021-11-17,8,56,0.1429,8,cryxos,0.25,cryxos:2;expkit:1;sabsik:1,trojan,0.375,trojan:3,HTML/ExpKit.Gen2;Malicious (score: 99);JS/Agent.PIV!tr;JS/Agent.PIV;HEUR:Trojan.Script.Generic;JS/Cryxos.K.gen;Trojan:Script/Sabsik.FL.B!ml;Trojan.JS.Cryxos,https://www.virustotal.com/gui/file/ea7046bd99c22442be1e2aa1ed26200923950e44fb9535db423d3e02ea48aebf/detection/f-ea7046bd99c22442be1e2aa1ed26200923950e44fb9535db423d3e02ea48aebf-1636573749,clasificacion\VirusShare_00499\reportes\reporte\0035dd4ec2f93ac1177dfab0f5d357c6.json
00371100007b9fa22a1c6d69c412e112,d7aea59e948cc03dd188be39916e07edd840d90e,e25bbd8dfc6768b13938421541ab656aa5d6122ac6eadcab00f5750d4ffc2b4f,pdf,"PDF document, version 1.4",application/pdf,148557,2021-11-11T00:59:58+00:00,2021-11-11,2021-11-17T00:36:55+00:00,2021-11-17,25,59,0.4237,25,,0.0,badfile:1;artemis:1;static:1,phishing,0.4,phishing:10;trojan:5;stealer:2,Malicious (score: 99);PDF/Phishing.Agent.NDP;URL/Phish.Q.gen!Eldorado;BehavesLike.PDF.BadFile.cb;PDF.Phishing.39154;PDF/Phishing.4BCA!tr;PDF.Trojan-Stealer.Phishing.E;Trojan.Phishing/PDF!1.D27A (CLASSIC);Trojan.stealer.phishing.e;PDF:PhishingX-gen [Phish],https://www.virustotal.com/gui/file/e25bbd8dfc6768b13938421541ab656aa5d6122ac6eadcab00f5750d4ffc2b4f/detection/f-e25bbd8dfc6768b13938421541ab656aa5d6122ac6eadcab00f5750d4ffc2b4f-1636592398,clasificacion\VirusShare_00499\reportes\reporte\00371100007b9fa22a1c6d69c412e112.json
00379dc967fb520bf9a71f2c607e6a3e,fe91647dcb30f34dad7d36c7f921a36e8e179783,153642dc929c3fd1d951dec236b2eb2a015d18860ae7e4da1496f24d7a479a35,exe,"PE32 executable (GUI) Intel 80386, for MS Windows",application/x-dosexec,192518,2021-11-15T20:35:50+00:00,2021-11-15,2021-11-17T22:37:51+00:00,2021-11-17,52,68,0.7647,52,,0.0,strictor:5;vbclone:4;ajku:2;vbgen:1;aidetect:1,trojan,0.4231,trojan:22;dropper:1,Trojan.VBGen.Win32.1;Generic.mg.00379dc967fb520b;W32.AIDetect.malware1;Trojan:Win32/Muldrop.329;TROJ_GEN.R002C0DKF21;Trojan/Generic.ASBOL.C594;W32/GenKryptik.CXDC!tr;Trojan ( 004d83031 );Trojan.Malware.121218.susgen;AI:Packer.A3D3E1881F,https://www.virustotal.com/gui/file/153642dc929c3fd1d951dec236b2eb2a015d18860ae7e4da1496f24d7a479a35/detection/f-153642dc929c3fd1d951dec236b2eb2a015d18860ae7e4da1496f24d7a479a35-1637008550,clasificacion\VirusShare_00499\reportes\reporte\00379dc967fb520bf9a71f2c607e6a3e.json
0037e63673d9aaebe788ea3fe3bb006c,ab96a58111f53a87fa6637f0efd586faeab50b63,d4fba25bf68e6c7252b09d39f08fddd08509b374427af0319950048dc6817ae7,exe,"PE32 executable (GUI) Intel 80386 Mono/.Net assembly, for MS Windows",application/x-dosexec,4096,2021-11-10T14:29:09+00:00,2021-11-10,2021-11-17T20:38:31+00:00,2021-11-17,18,67,0.2687,18,,0.0,agentgen:1;asbol:1;bulz:1;susgen:1;zemsilf:1,trojan,0.3889,trojan:7,Trojan.AgentGen.Win32.75;Trojan/Generic.ASBOL.C636;MSIL/Bulz.9ECC!tr;Trojan.Malware.300983.susgen;Gen:NN.ZemsilF.34266.am0@a0CQwOk;Malicious (score: 100);malicious (high confidence);Trojan.Clicker;Unsafe.AI_Score_98%;Trojan.Crypt,https://www.virustotal.com/gui/file/d4fba25bf68e6c7252b09d39f08fddd08509b374427af0319950048dc6817ae7/detection/f-d4fba25bf68e6c7252b09d39f08fddd08509b374427af0319950048dc6817ae7-1636554549,clasificacion\VirusShare_00499\reportes\reporte\0037e63673d9aaebe788ea3fe3bb006c.json
003ca247bb3b910aec1b9e6d4097f8f0,f254e8f5a0457fefb8dad0220e563f3954e20de6,897bed3b2e764e2084d85fa6073854b5686a2e9734e9a11ea7a52bffaac7365c,exe,"PE32 executable (console) Intel 80386, for MS Windows",application/x-dosexec,90112,2021-11-12T07:54:57+00:00,2021-11-12,2021-11-18T08:27:56+00:00,2021-11-18,45,58,0.7759,45,razy,0.1111,razy:5;hupigon:3;tinba:3;gencirc:1;attribute:1,trojan,0.3778,trojan:17;backdoor:2;downloader:2;ransomware:1;dropper:1,HEUR:Trojan.Win32.Generic;Gen:Variant.Ser.Razy.10117;Trojan/W32.Agent.90112.LBH;Backdoor.Hupigon;suspicious;Gen:Variant.Ser.Razy.10117;W32/S-cb615545!Eldorado;Trojan.Tinba;Trojan.Agent/Gen-Downloader;Gen:Variant.Ser.Razy.10117,https://www.virustotal.com/gui/file/897bed3b2e764e2084d85fa6073854b5686a2e9734e9a11ea7a52bffaac7365c/detection/f-897bed3b2e764e2084d85fa6073854b5686a2e9734e9a11ea7a52bffaac7365c-1636703697,clasificacion\VirusShare_00499\reportes\reporte\003ca247bb3b910aec1b9e6d4097f8f0.json
003d4c88d6a679a3e75df4c601edfb38,bed449377a7d0af169b84f4dcc25feca0c0b7cd1,6af3a00e5a7e60a19b6613488ae599d19ee957220b8e7978b52aa5607daf6f7f,exe,"PE32 executable (GUI) Intel 80386, for MS Windows",application/x-dosexec,192736,2021-11-13T15:51:47+00:00,2021-11-13,2021-11-17T12:17:09+00:00,2021-11-17,46,68,0.6765,46,strictor,0.1304,strictor:6;vbclone:5;ajku:2;susgen:1;trojware:1,trojan,0.3478,trojan:16;dropper:1,Trojan.Malware.74161353.susgen;TrojWare.Win32.VBClone.B@88ji29;Trojan/W32.VB-Agent.192736;Trojan.VBClone!1.BE37 (CLASSIC);Malicious (score: 100);W32.AIDetect.malware1;ML/PE-A + Mal/VB-AQT;malicious.8d6a67;P2PWorm ( 005499db1 );Trojan/Generic.ASBOL.C594,https://www.virustotal.com/gui/file/6af3a00e5a7e60a19b6613488ae599d19ee957220b8e7978b52aa5607daf6f7f/detection/f-6af3a00e5a7e60a19b6613488ae599d19ee957220b8e7978b52aa5607daf6f7f-1636818707,clasificacion\VirusShare_00499\reportes\reporte\003d4c88d6a679a3e75df4c601edfb38.json
003f343a2c7d94d61061caa1f423384d,6bec0f7f5559dad865706e6974ba06629bd327cb,e47d892ffb9e3affe9c619be5b4d3d491e234490e5c3583e0ab56fb1d3be36d5,pdf,"PDF document, version 1.4",application/pdf,75949,2021-11-12T16:18:22+00:00,2021-11-12,2021-11-17T14:08:51+00:00,2021-11-17,28,60,0.4667,28,,0.0,gerphish:1;camelot:1;malurl:1,phishing,0.3929,phishing:11;trojan:8;stealer:2,Trojan.WIN32.stealer.phishing.e;HTML/Malicious.PDF.Gen2;Trojan.Phishing/PDF!1.D8B8 (CLASSIC);Malicious (score: 99);PDF/Phishing.818B!tr;Trojan/Generic.ASMalwRG.150;PDF/Phishing.Agent.NDP;PDF:PhishingX-gen [Phish];PDF.Spam.Heur.1;BehavesLike.PDF.Suspicious.lb,https://www.virustotal.com/gui/file/e47d892ffb9e3affe9c619be5b4d3d491e234490e5c3583e0ab56fb1d3be36d5/detection/f-e47d892ffb9e3affe9c619be5b4d3d491e234490e5c3583e0ab56fb1d3be36d5-1636733902,clasificacion\VirusShare_00499\reportes\reporte\003f343a2c7d94d61061caa1f423384d.json
003fe0913d67209ea50de4500de4d48c,af6df206aebfb933a3ef717da4b7724cef1d9134,7a67e2919af4b230087309076dc7645b3a032025c5effa0ed5c6e5ab84359692,exe,"PE32 executable (GUI) Intel 80386, for MS Windows",application/x-dosexec,56320,2021-11-08T14:05:06+00:00,2021-11-08,2021-11-17T22:22:00+00:00,2021-11-17,55,69,0.7971,55,qukart,0.1273,qukart:7;berbew:7;hangup:6;dacic:5;proxy:3,trojan,0.2909,trojan:16;backdoor:12,Trojan.Win32.Save.a;Trojan.Qukart.Win32.555158;Generic.mg.003fe0913d67209e;W32.AIDetect.malware1;Win32.Trojan-Spy.Quart.a;Trojan/Win32.GenKryptik;W32/GenKryptik.BJQV!tr;Trojan.Heur!.03216021;Trojan ( 005780dd1 );Proxy.Qukart.gen,https://www.virustotal.com/gui/file/7a67e2919af4b230087309076dc7645b3a032025c5effa0ed5c6e5ab84359692/detection/f-7a67e2919af4b230087309076dc7645b3a032025c5effa0ed5c6e5ab84359692-1636380306,clasificacion\VirusShare_00499\reportes\reporte\003fe0913d67209ea50de4500de4d48c.json
0040557732bd699715b03ba5984cf1c1,1cf8d9aabcd6018829be19c9b904405bc5114e73,a02191c48c77f45165a963403cfaa9f80be6e0a2c3f57cabf649da18cf1b5abc,exe,"PE32 executable (GUI) Intel 80386, for MS Windows, UPX compressed",application/x-dosexec,240406,2021-11-10T12:15:33+00:00,2021-11-10,2021-11-17T06:35:16+00:00,2021-11-17,49,67,0.7313,49,sivis,0.2041,sivis:10;cosmu:2;bscope:1;siggen:1;fileinfector:1,trojan,0.2857,trojan:14;virus:5;ransomware:1,Trojan/Cosmu.isk;BScope.Trojan.Cosmu;Malicious (score: 100);Win32.Siggen.28;Win32/Agent.NBA;W32/Sivis.A;AI:FileInfector.0DC56C850D;BehavesLike.Win32.Generic.dh;W32.Suviapen;W32/Sivis.A!tr,https://www.virustotal.com/gui/file/a02191c48c77f45165a963403cfaa9f80be6e0a2c3f57cabf649da18cf1b5abc/detection/f-a02191c48c77f45165a963403cfaa9f80be6e0a2c3f57cabf649da18cf1b5abc-1636546533,clasificacion\VirusShare_00499\reportes\reporte\0040557732bd699715b03ba5984cf1c1.json
00407cffa19eefbfc16826bf6b32cc01,840525829fbeb8f1d11446883bda8b2d688e17af,f0004f89918bc33153ea6aef8104357bcf9707baffb54af3106c6e2b9fabf6ea,,"DOS batch file, ASCII text, with CRLF line terminators",text/x-msdos-batch,11264,2021-11-14T16:28:07+00:00,2021-11-14,2021-11-17T11:41:51+00:00,2021-11-17,16,57,0.2807,16,bomb,0.3125,bomb:5,trojan,0.1875,trojan:3,Gen:Heur.Bat.1 (B);Trojan.Bomb/BAT!1.DA49 (CLASSIC);BAT/Bomb.I;Trojan/Generic.ASMalwRG.158;BAT/Bomb.I!tr;Script:SNH-gen [Trj];Gen:Heur.Bat.1;Script:SNH-gen [Trj];Gen:Heur.Bat.1;Gen:Heur.Bat.1,https://www.virustotal.com/gui/file/f0004f89918bc33153ea6aef8104357bcf9707baffb54af3106c6e2b9fabf6ea/detection/f-f0004f89918bc33153ea6aef8104357bcf9707baffb54af3106c6e2b9fabf6ea-1636907287,clasificacion\VirusShare_00499\reportes\reporte\00407cffa19eefbfc16826bf6b32cc01.json
0041d89425c98bb2237aceaf8ef2a682,8777aab74ec29f1d540b4bdffcf964ea8e4d1172,1e39b0b08bb72f819b8aec22d6f4d1862cf39bec7c8b752e476cd2f90fe632c1,pdf,"PDF document, version 1.4",application/pdf,84451,2021-11-10T23:23:12+00:00,2021-11-10,2021-11-17T18:32:34+00:00,2021-11-17,26,60,0.4333,26,,0.0,gerphish:1;camelot:1;malurl:1,phishing,0.3846,phishing:10;trojan:7;stealer:2,PDF.Spam.Heur.1;Malicious (score: 99);Trojan/Generic.ASMalwRG.150;PDF/Phishing.4BCA!tr;Trojan.PDF.stealer.phishing.e;PDF.Spam.Heur.1;Trojan.Phishing!1.D9C3 (CLASSIC);PDF.Trojan-Stealer.Phishing.E;PDF.Z.Agent.84451.BX;Trojan.PDF.Phishing,https://www.virustotal.com/gui/file/1e39b0b08bb72f819b8aec22d6f4d1862cf39bec7c8b752e476cd2f90fe632c1/detection/f-1e39b0b08bb72f819b8aec22d6f4d1862cf39bec7c8b752e476cd2f90fe632c1-1636586592,clasificacion\VirusShare_00499\reportes\reporte\0041d89425c98bb2237aceaf8ef2a682.json
004267dafd9a83aba2dfdaf4b782ccdb,375d1828b4ab1f993ff43661f703ab2d42282bf2,0663f1252ac83a32163f71d7d23797c9f2ae729193aa92a40cc40dd7c7d8d3ed,exe,"MS-DOS executable, MZ for MS-DOS",application/x-dosexec,5732317,2021-11-16T18:47:08+00:00,2021-11-16,2021-11-17T14:48:02+00:00,2021-11-17,46,67,0.6866,46,ausiv,0.1957,ausiv:9;susgen:1;black:1;aidetect:1;trojware:1,trojan,0.4565,trojan:21;dropper:1,Trojan.Malware.121218.susgen;TR/Black.Gen2;Trojan.Ausiv!1.A52C (CLASSIC);Malicious (score: 100);W32.AIDetect.malware2;Trojan.Win32.Generic!BT;TROJ_GEN.R03BC0DKF21;TrojWare.Win32.Ausiv.A@7gzgk5;malicious.afd9a8;Trojan ( 7000001c1 ),https://www.virustotal.com/gui/file/0663f1252ac83a32163f71d7d23797c9f2ae729193aa92a40cc40dd7c7d8d3ed/detection/f-0663f1252ac83a32163f71d7d23797c9f2ae729193aa92a40cc40dd7c7d8d3ed-1637088428,clasificacion\VirusShare_00499\reportes\reporte\004267dafd9a83aba2dfdaf4b782ccdb.json
0043ed407b1d26433eb7dfbd7d62dab5,c71867df16bb22970426b4862849cf7c65b3cc78,5d9c28916237dcfa4315fbb8e7908fd7228a63c8a53e6eb455fc035b48a27937,pdf,"PDF document, version 1.4",application/pdf,71381,2021-11-14T04:13:23+00:00,2021-11-14,2021-11-18T10:13:54+00:00,2021-11-18,27,59,0.4576,27,,0.0,hoax:1;camelot:1;malurl:1,phishing,0.4815,phishing:13;trojan:6;stealer:1,HEUR:Hoax.PDF.Phish.gen;PDF.Spam.Heur.1;PDF.Spam.Heur.1;PDF/Phish.U.gen!Camelot;PDF:PhishingX-gen [Phish];PDF.Trojan-Stealer.Phishing.E;PDF/Phishing.A.Gen;Trojan.Phishing.e;PDF.Z.Agent.71381.EV;PDF:PhishingX-gen [Phish],https://www.virustotal.com/gui/file/5d9c28916237dcfa4315fbb8e7908fd7228a63c8a53e6eb455fc035b48a27937/detection/f-5d9c28916237dcfa4315fbb8e7908fd7228a63c8a53e6eb455fc035b48a27937-1636863203,clasificacion\VirusShare_00499\reportes\reporte\0043ed407b1d26433eb7dfbd7d62dab5.json
0046c18f10ce6496b5f2723d53e2a891,98ea2ac4fee456379fd5d8a0dac2115fe86a4fc4,606cec73c56b73189e8699c4732995c103ece38f53f5408f41005566ad93e446,pdf,"PDF document, version 1.4",application/pdf,121833,2021-11-10T04:04:59+00:00,2021-11-10,2021-11-17T16:23:36+00:00,2021-11-17,28,61,0.459,28,,0.0,camelot:1;malurl:1,phishing,0.4643,phishing:13;trojan:8;stealer:2,PDF.Spam.Heur.1;Malicious (score: 99);Trojan/Generic.ASMalwRG.151;PDF/Phishing.818B!tr;Trojan.WIN32.pdf.stealer.phishing.e;PDF.Spam.Heur.1;Trojan.Phishing/PDF!1.D8B8 (CLASSIC);PDF.Trojan-Stealer.Phishing.E;PDF.Phishing.43404;Trojan.PDF.Phishing,https://www.virustotal.com/gui/file/606cec73c56b73189e8699c4732995c103ece38f53f5408f41005566ad93e446/detection/f-606cec73c56b73189e8699c4732995c103ece38f53f5408f41005566ad93e446-1636517099,clasificacion\VirusShare_00499\reportes\reporte\0046c18f10ce6496b5f2723d53e2a891.json
0047897b9eebbd12c0f029522f9fcd17,61578e9fe8a178b0a79099643be9210c6dcd319a,764210ea945549f9dcbbcb450c34b16c43c27d325600e8e0c809d557db58a54a,exe,"PE32 executable (GUI) Intel 80386 (stripped to external PDB), for MS Windows, UPX compressed",application/x-dosexec,65536,2021-11-13T19:02:56+00:00,2021-11-13,2021-11-17T23:24:17+00:00,2021-11-17,45,68,0.6618,45,zusy,0.1556,zusy:7;genkryptik:2;kryptik:2;genome:2;aidetect:1,trojan,0.2889,trojan:13;virus:1,Suspicious.Win32.Save.a;Generic.mg.0047897b9eebbd12;W32.AIDetect.malware1;Trojan/Generic.ASMalwS.23431;W32/GenKryptik.CRKJ!tr;Trojan ( 005415ef1 );Trojan.Malware.300983.susgen;Gen:NN.ZexaF.34266.eqY@augH7dl;Malicious (score: 100);Gen:Variant.Zusy.367870,https://www.virustotal.com/gui/file/764210ea945549f9dcbbcb450c34b16c43c27d325600e8e0c809d557db58a54a/detection/f-764210ea945549f9dcbbcb450c34b16c43c27d325600e8e0c809d557db58a54a-1636830176,clasificacion\VirusShare_00499\reportes\reporte\0047897b9eebbd12c0f029522f9fcd17.json
004944f7924a9a0b62c27d73a8152034,8528b40f852a57d1d103dcf2e17a5d42856e4117,1e732ca7be350e0706d71ee87e67d4f14712cfe59de597c62d180b05994f382e,exe,"PE32 executable (console) Intel 80386, for MS Windows",application/x-dosexec,14784,2021-11-14T15:43:11+00:00,2021-11-14,2021-11-18T04:38:26+00:00,2021-11-18,40,66,0.6061,40,fragtor,0.2,fragtor:8;wacatac:1;sabsik:1;zciwf:1;douz:1,trojan,0.35,trojan:14;ransomware:1,Ransom.Win32.Wacatac.oa!s1;Trojan.Fragtor.D5EFD;Win32:Malware-gen;Trojan.Siggen15.32258;malicious.f852a5;Trojan:Win32/Sabsik.FL.B!ml;Gen:Variant.Fragtor.24317 (B);Unsafe;Gen:Variant.Fragtor.24317;Trojan ( 001069281 ),https://www.virustotal.com/gui/file/1e732ca7be350e0706d71ee87e67d4f14712cfe59de597c62d180b05994f382e/detection/f-1e732ca7be350e0706d71ee87e67d4f14712cfe59de597c62d180b05994f382e-1636904591,clasificacion\VirusShare_00499\reportes\reporte\004944f7924a9a0b62c27d73a8152034.json
004a133eab237676b0e5b6e2353c6c44,72d20ce4b10278ca1c2c469971438797ed8ded19,e3323b2640844620e8f51e601e74160205058a07e5086f4f893f881ab7451e71,exe,"PE32 executable (GUI) Intel 80386, for MS Windows, UPX compressed",application/x-dosexec,947205,2021-11-12T18:01:07+00:00,2021-11-12,2021-11-17T12:49:33+00:00,2021-11-17,52,67,0.7761,52,upantix,0.1346,upantix:7;genpack:6;kryptik:4;crypt:3;susgen:1,trojan,0.3269,trojan:17;dropper:1;backdoor:1;downloader:1,Trojan.Malware.121218.susgen;Trojan.Kryptik!1.A862 (CLASSIC);Malware.Win32.Gencirc.10ce997b;Malicious (score: 100);W32.AIDetect.malware1;Packed.Win32.MUPX.Gen@24tbus;Win32.Trojan.Kryptik.bcp;malicious.eab237;Trojan ( 005024591 );Trojan/Generic.ASMalwS.21F1D29,https://www.virustotal.com/gui/file/e3323b2640844620e8f51e601e74160205058a07e5086f4f893f881ab7451e71/detection/f-e3323b2640844620e8f51e601e74160205058a07e5086f4f893f881ab7451e71-1636740067,clasificacion\VirusShare_00499\reportes\reporte\004a133eab237676b0e5b6e2353c6c44.json
004b62e838a3ca116869367d5b066185,a46975591ce1814a4a3624a9e3eabaa9726cd281,2f8b4f97e5193c658e50b313aca64b842dfb65d2ba1246db432e5bf8c209f265,dll,"PE32+ executable (DLL) (GUI) x86-64, for MS Windows",application/x-dosexec,815104,2021-11-09T17:56:32+00:00,2021-11-09,2021-11-17T00:38:50+00:00,2021-11-17,39,67,0.5821,39,dridex,0.1538,dridex:6;mikey:6;kryptik:3;drixed:2;bankerx:2,trojan,0.2564,trojan:10;banker:1,TrojanSpy.Win64.DRIDEX.SMH;Drixed-FJE!004B62E838A3;Malicious (score: 100);Trojan.Siggen15.35047;a variant of Win32/Kryptik.HDWG;W64/Kryptik.FRO.gen!Eldorado;BehavesLike.Win64.Drixed.bc;W64/Dridex.08FB!tr;suspicious;Trojan ( 005601a91 ),https://www.virustotal.com/gui/file/2f8b4f97e5193c658e50b313aca64b842dfb65d2ba1246db432e5bf8c209f265/detection/f-2f8b4f97e5193c658e50b313aca64b842dfb65d2ba1246db432e5bf8c209f265-1636480592,clasificacion\VirusShare_00499\reportes\reporte\004b62e838a3ca116869367d5b066185.json
004ff51294cfa21fd3f437da7c507fcf,7463cad765cc442cdefb5002ba208bf4fe18b15f,ce4a54c879d048a3b0fd2b232a32227e70fa3f16e1d89d8b216f940b9db3d518,,"DOS batch file, ASCII text, with CRLF line terminators",text/x-msdos-batch,11344,2021-11-16T13:53:33+00:00,2021-11-16,2021-11-17T01:52:41+00:00,2021-11-17,23,56,0.4107,23,bomb,0.3043,bomb:7;siggen:1;wacatac:1;expkit:1,trojan,0.3043,trojan:7,Trojan.BAT.Bomb.4!c;Malicious (score: 99);BAT.Siggen.166;BAT/Bomb.I;BAT/Bomb.A;Bat.Trojan.Bomb.Bnz;BAT/Bomb.I!tr;Gen:Heur.Bat.1;Trojan.Bomb/BAT!1.DA49 (CLASSIC);Script:SNH-gen [Trj],https://www.virustotal.com/gui/file/ce4a54c879d048a3b0fd2b232a32227e70fa3f16e1d89d8b216f940b9db3d518/detection/f-ce4a54c879d048a3b0fd2b232a32227e70fa3f16e1d89d8b216f940b9db3d518-1637070813,clasificacion\VirusShare_00499\reportes\reporte\004ff51294cfa21fd3f437da7c507fcf.json
005123e6ead36d266acdd6e4eadbcaca,acd2de21ad729f109fa3540f0b759d3ca8080b4f,75467f19118b799f8f4c9277a413908a5275cc6f6f02d8f74952669c0b14bdd8,pdf,"PDF document, version 1.4",application/pdf,89349,2021-11-15T07:16:32+00:00,2021-11-15,2021-11-17T15:57:20+00:00,2021-11-17,26,60,0.4333,26,,0.0,gerphish:1;camelot:1;malurl:1,phishing,0.3846,phishing:10;trojan:6;stealer:2,Trojan.WIN32.stealer.phishing.e;HTML/Malicious.PDF.Gen2;Malicious (score: 99);Pdf.Trojan.Spam.Bxh;PDF/Phishing.4BCA!tr;Trojan/Generic.ASMalwRG.150;PDF/Phishing.Agent.NDP;PDF:PhishingX-gen [Phish];PDF.Spam.Heur.1;BehavesLike.PDF.Suspicious.mb,https://www.virustotal.com/gui/file/75467f19118b799f8f4c9277a413908a5275cc6f6f02d8f74952669c0b14bdd8/detection/f-75467f19118b799f8f4c9277a413908a5275cc6f6f02d8f74952669c0b14bdd8-1636960592,clasificacion\VirusShare_00499\reportes\reporte\005123e6ead36d266acdd6e4eadbcaca.json
00534a141cf0bc96a419031bb2dc2c6d,69036629748eb05fd4dfa118f5c49e2a635dd80d,2ac496bb1a0f1a501eafef42de6e457d2a48b1f778023eead7f8484afbf18f5f,exe,"PE32 executable (console) Intel 80386, for MS Windows",application/x-dosexec,309760,2021-11-13T11:46:51+00:00,2021-11-13,2021-11-17T08:54:00+00:00,2021-11-17,31,68,0.4559,31,explorerhijack,0.2258,explorerhijack:7;kryptik:2;gxzm:2;zexaf:1;susgen:1,trojan,0.4194,trojan:13;pua:1;dropper:1,Unsafe;Malicious (score: 100);a variant of Win32/Kryptik.GXZM;Gen:NN.ZexaF.34266.suW@a8!o0loi;W32/Kryptik.GXZM!tr;suspicious;Gen:Trojan.ExplorerHijack.suW@a8!o0loi;Trojan.Malware.300983.susgen;Unsafe.AI_Score_99%;Win64:Malware-gen,https://www.virustotal.com/gui/file/2ac496bb1a0f1a501eafef42de6e457d2a48b1f778023eead7f8484afbf18f5f/detection/f-2ac496bb1a0f1a501eafef42de6e457d2a48b1f778023eead7f8484afbf18f5f-1636804011,clasificacion\VirusShare_00499\reportes\reporte\00534a141cf0bc96a419031bb2dc2c6d.json
0055d7af66054816936cd36bac1dfe8f,1c67ca3c965067225e61991a190028678cc22c23,51551c66c43ab14df013053942a0b1da00f30b20445d4171abe086cfb24b9c77,pdf,"PDF document, version 1.4",application/pdf,85969,2021-11-15T03:40:35+00:00,2021-11-15,2021-11-17T17:40:06+00:00,2021-11-17,26,60,0.4333,26,,0.0,gerphish:1;camelot:1;malurl:1,phishing,0.3846,phishing:10;trojan:7;stealer:2,PDF.Spam.Heur.1;Malicious (score: 99);Trojan/Generic.ASMalwRG.150;PDF/Phishing.4BCA!tr;Trojan.WIN32.stealer.phishing.e;PDF.Spam.Heur.1;Trojan.Phishing!1.D9C3 (CLASSIC);PDF.Trojan-Stealer.Phishing.E;PDF.Z.Agent.85969.BU;Trojan.PDF.Phishing,https://www.virustotal.com/gui/file/51551c66c43ab14df013053942a0b1da00f30b20445d4171abe086cfb24b9c77/detection/f-51551c66c43ab14df013053942a0b1da00f30b20445d4171abe086cfb24b9c77-1636947635,clasificacion\VirusShare_00499\reportes\reporte\0055d7af66054816936cd36bac1dfe8f.json
00569993aaa2243ca6cdd5629e698333,7f60fb17af8f5363559cf569d52cd535a7e167ca,bcac7c52b6aa6a4aa786f7ffd135ea7c9d4a4bd1ac348601df6b7b077b3b4a9b,,"DOS batch file, ASCII text, with CRLF line terminators",text/x-msdos-batch,5920,2021-11-14T16:18:40+00:00,2021-11-14,2021-11-18T08:05:32+00:00,2021-11-18,15,49,0.3061,15,bomb,0.3333,bomb:5,trojan,0.2,trojan:3,Trojan.BAT.Bomb.f;Gen:Heur.Bat.1;Gen:Heur.Bat.1;BAT/Bomb.A;Script:SNH-gen [Trj];Trojan/Generic.ASMalwRG.158;Gen:Heur.Bat.1;BAT/Bomb.I!tr;malware (ai score=88);Gen:Heur.Bat.1,https://www.virustotal.com/gui/file/bcac7c52b6aa6a4aa786f7ffd135ea7c9d4a4bd1ac348601df6b7b077b3b4a9b/detection/f-bcac7c52b6aa6a4aa786f7ffd135ea7c9d4a4bd1ac348601df6b7b077b3b4a9b-1636906720,clasificacion\VirusShare_00499\reportes\reporte\00569993aaa2243ca6cdd5629e698333.json
0058277eecb83d52e01d8cbb572a0be0,f57c90f10eaed2a1950875e576ea91a26db1d55b,f8675dd4ca9b9435e705e5e752024536eb62cc83e1ec2c8dd69b34586547fd97,exe,"PE32 executable (GUI) Intel 80386, for MS Windows",application/x-dosexec,3465516,2021-11-17T15:04:19+00:00,2021-11-17,2021-11-18T04:40:56+00:00,2021-11-18,51,67,0.7612,51,bulz,0.1373,bulz:7;servstart:4;nitol:3;botx:2;ddos:2,trojan,0.2353,trojan:12;backdoor:2;worm:1;downloader:1,Trojan.Win32.Agent.vb!s1;Trojan.Bulz.D775;Win32:BotX-gen [Trj];Mal/Generic-R + Troj/AutoG-CW;Trojan.DownLoader24.62054;Gen:Variant.Bulz.1909;Malware.AI.1626371177;DDoS:Win32/Nitol.A;Trojan/Generic.ASMalwS.206D8EA;Gen:Variant.Bulz.1909 (B),https://www.virustotal.com/gui/file/f8675dd4ca9b9435e705e5e752024536eb62cc83e1ec2c8dd69b34586547fd97/detection/f-f8675dd4ca9b9435e705e5e752024536eb62cc83e1ec2c8dd69b34586547fd97-1637161459,clasificacion\VirusShare_00499\reportes\reporte\0058277eecb83d52e01d8cbb572a0be0.json
00596fc83e09e9347eddb7ef34027892,31ab152a6e23fca1fe937f9c9e416b48c6820846,f8267f629be2a8d0250c4cc127ba3bd85df43f3c4100f6697ed37486a2872165,pdf,"PDF document, version 1.4",application/pdf,83974,2021-11-14T17:36:49+00:00,2021-11-14,2021-11-17T07:24:54+00:00,2021-11-17,24,59,0.4068,24,,0.0,gerphish:1;camelot:1,phishing,0.3333,phishing:8;trojan:7;stealer:1,PDF.Z.Agent.83974.CL;Malicious (score: 99);PDF.Phisher.300;PDF/Phishing.Agent.NDP;PDF/Gerphish.N.gen!Camelot;Pdf.Trojan.Spam.Bxp;BehavesLike.PDF.Suspicious.mb;Pdf.Trojan.A3083646;Trojan.Gen.NPE;PDF/Phishing.A!tr,https://www.virustotal.com/gui/file/f8267f629be2a8d0250c4cc127ba3bd85df43f3c4100f6697ed37486a2872165/detection/f-f8267f629be2a8d0250c4cc127ba3bd85df43f3c4100f6697ed37486a2872165-1636911409,clasificacion\VirusShare_00499\reportes\reporte\00596fc83e09e9347eddb7ef34027892.json
005c0895a8e5e565cf8546f99863f053,901a4319c659803c9f4c3e9ad1f1e0f4823d92db,d2577afee45eb4086036d4170d9e9b3df010dbdec152032eb933c4f645dc9c36,pdf,"PDF document, version 1.4",application/pdf,68423,2021-11-15T14:34:51+00:00,2021-11-15,2021-11-18T07:32:54+00:00,2021-11-18,26,60,0.4333,26,,0.0,gerphish:1;camelot:1;malurl:1,phishing,0.4231,phishing:11;trojan:7;stealer:2,PDF.Spam.Heur.1;PDF.Spam.Heur.1;PDF/Gerphish.N.gen!Camelot;PDF:PhishingX-gen [Phish];Trojan.WIN32.stealer.phishing.e;PDF.Trojan-Stealer.Phishing.E;Pdf.Trojan.Spam.Bxs;PDF.Z.Agent.68423.A;Trojan.Gen.NPE;Trojan/Generic.ASMalwRG.150,https://www.virustotal.com/gui/file/d2577afee45eb4086036d4170d9e9b3df010dbdec152032eb933c4f645dc9c36/detection/f-d2577afee45eb4086036d4170d9e9b3df010dbdec152032eb933c4f645dc9c36-1636986891,clasificacion\VirusShare_00499\reportes\reporte\005c0895a8e5e565cf8546f99863f053.json
005d354f4518252fde53346c6acb62a2,9929820175ce170021fab56cc5611103abbafdbb,e6b9fc6fcd60f6ec4863c965733d899dc2e6483ac1854816ed5ffba05739e7e0,pdf,"PDF document, version 1.4",application/pdf,84168,2021-11-12T22:38:18+00:00,2021-11-12,2021-11-17T02:17:54+00:00,2021-11-17,25,60,0.4167,25,,0.0,camelot:1;malurl:1;sabsik:1,phishing,0.48,phishing:12;trojan:6;stealer:1,Malicious (score: 99);PDF.Phisher.300;PDF/Phishing.Agent.NDP;PDF/Phish.U.gen!Camelot;BehavesLike.PDF.Suspicious.mb;PDF.Phishing.44564;PDF/Phishing.818B!tr;Trojan.Phishing/PDF!1.D8B8 (CLASSIC);Trojan.Phishing.e;PDF:PhishingX-gen [Phish],https://www.virustotal.com/gui/file/e6b9fc6fcd60f6ec4863c965733d899dc2e6483ac1854816ed5ffba05739e7e0/detection/f-e6b9fc6fcd60f6ec4863c965733d899dc2e6483ac1854816ed5ffba05739e7e0-1636756698,clasificacion\VirusShare_00499\reportes\reporte\005d354f4518252fde53346c6acb62a2.json
005e5c248ec6840aedad0ee840488e58,e12e1507526fe47417af9911a56cbcd447c02d07,c9d5e4f87809ef0e6a53efb9ae140538a9d6b929713040996d8c258cdffc75ed,pdf,"PDF document, version 1.4",application/pdf,50183,2021-11-14T12:39:20+00:00,2021-11-14,2021-11-18T08:00:16+00:00,2021-11-18,28,59,0.4746,28,,0.0,obfuscated:1;spammed:1;wacatac:1,phishing,0.3571,phishing:10;trojan:6;stealer:2,PDF.Spam.Heur.2;PDF.Spam.Heur.2;URL/Phish.BO.gen!Eldorado;Malware.Generic-HTML.Save.fc35b7d8;PDF:PhishingX-gen [Phish];PDF.Trojan-Stealer.Phish.HW;PDF.Z.Agent.50183.BN;Trojan.Gen.NPE;BehavesLike.PDF.Obfuscated.pb;PDF.Spam.Heur.2,https://www.virustotal.com/gui/file/c9d5e4f87809ef0e6a53efb9ae140538a9d6b929713040996d8c258cdffc75ed/detection/f-c9d5e4f87809ef0e6a53efb9ae140538a9d6b929713040996d8c258cdffc75ed-1636893560,clasificacion\VirusShare_00499\reportes\reporte\005e5c248ec6840aedad0ee840488e58.json
005eb54ba42cb42385cfc109ca738418,7203a203440a87f7bdb166b8f1125bce5e61e479,087fdee7e8fdf6f067b4a592ef12ce11d3a6c7ed8775c31cbbb9a08c86bb4708,exe,"PE32 executable (console) Intel 80386 (stripped to external PDB), for MS Windows, UPX compressed",application/x-dosexec,1606656,2021-11-10T12:15:37+00:00,2021-11-10,2021-11-17T10:37:27+00:00,2021-11-17,37,63,0.5873,37,fragtor,0.1351,fragtor:5;kryptik:3;coinminerx:2;crypt:2;injector:2,trojan,0.2973,trojan:11;miner:2;virus:1,Trojan.Malware.300983.susgen;Trojan.Kryptik!1.D12D (CLASSIC);Malicious (score: 100);Packer.NSAnti.Gen (v);Packed.Win32.MUPX.Gen@24tbus;Trojan ( 0057ffc71 );Trojan/Generic.ASBOL.C68A;a variant of Win32/Kryptik.HITO;Win32:CoinminerX-gen [Trj];W32/Kryptik.EAHK!tr,https://www.virustotal.com/gui/file/087fdee7e8fdf6f067b4a592ef12ce11d3a6c7ed8775c31cbbb9a08c86bb4708/detection/f-087fdee7e8fdf6f067b4a592ef12ce11d3a6c7ed8775c31cbbb9a08c86bb4708-1636546537,clasificacion\VirusShare_00499\reportes\reporte\005eb54ba42cb42385cfc109ca738418.json
005f8e81c0a1704cc247b96b99f4432e,ca2fa9c04098f61191cf69097dce629235c62b4b,dea7c0635ca3c2ce3ad26fdfa84b2e4b0f726d3483c706a9fa3408886e6d913b,pdf,"PDF document, version 1.4",application/pdf,75503,2021-11-16T15:05:41+00:00,2021-11-16,2021-11-17T21:16:25+00:00,2021-11-17,16,58,0.2759,16,,0.0,camelot:1;minerva:1;hwkjw:1;malurl:1,phishing,0.625,phishing:10;trojan:6;stealer:1,Malicious (score: 99);Trojan/Generic.ASMalwRG.151;PDF/Phishing.4BCA!tr;Trojan.Phishing.e;Trojan.Phishing!1.D9C3 (CLASSIC);PDF.Trojan-Stealer.Phishing.E;PDF.Z.Agent.75503.DY;Trojan.PDF.Phishing;PDF.Phisher.300;PDF/Phish.U.gen!Camelot,https://www.virustotal.com/gui/file/dea7c0635ca3c2ce3ad26fdfa84b2e4b0f726d3483c706a9fa3408886e6d913b/detection/f-dea7c0635ca3c2ce3ad26fdfa84b2e4b0f726d3483c706a9fa3408886e6d913b-1637075141,clasificacion\VirusShare_00499\reportes\reporte\005f8e81c0a1704cc247b96b99f4432e.json
0061d8b383e973d4675b1111d8121abd,ff5d560b36097d89730f6db44efe5a69e54bd2a8,d86954e25e7762856e5745d202216d2fda9f3aa4331cd5645aed8d5d831c0fde,exe,"PE32 executable (GUI) Intel 80386, for MS Windows",application/x-dosexec,192746,2021-11-16T18:09:08+00:00,2021-11-16,2021-11-17T12:41:56+00:00,2021-11-17,48,66,0.7273,48,strictor,0.1042,strictor:5;vbclone:5;ajku:2;susgen:1;aidetect:1,trojan,0.375,trojan:18;dropper:1,Trojan.Malware.121218.susgen;Gen:Variant.Strictor.263260 (B);Trojan/W32.VB-Agent.192746.B;Trojan.VBClone!1.BE37 (CLASSIC);Malicious (score: 100);W32.AIDetect.malware1;TrojWare.Win32.VBClone.B@88ji29;malicious.383e97;P2PWorm ( 005499db1 );Trojan/Generic.ASBOL.C594,https://www.virustotal.com/gui/file/d86954e25e7762856e5745d202216d2fda9f3aa4331cd5645aed8d5d831c0fde/detection/f-d86954e25e7762856e5745d202216d2fda9f3aa4331cd5645aed8d5d831c0fde-1637086148,clasificacion\VirusShare_00499\reportes\reporte\0061d8b383e973d4675b1111d8121abd.json
0061f54d5f5da06f34fb5607af6ece9d,b4e59dbc79931479f3755c2d4bc942ad00359d8e,edda1b55ef392fa46235ccd14510bddc027b4bb34f64fc22f5842eb85a5c0f04,,"UTF-8 Unicode text, with very long lines",text/plain,199321,2021-11-13T17:44:48+00:00,2021-11-13,2021-11-17T13:27:24+00:00,2021-11-17,4,56,0.0714,4,faceliker,0.5,faceliker:2;iframe:1;clicker:1,trojan,0.75,trojan:3,Trojan.Iframe.JS.3;TrojanClicker:JS/Faceliker;Trojan-Clicker.JS.Faceliker;JS.Trojan.Agent.42292,https://www.virustotal.com/gui/file/edda1b55ef392fa46235ccd14510bddc027b4bb34f64fc22f5842eb85a5c0f04/detection/f-edda1b55ef392fa46235ccd14510bddc027b4bb34f64fc22f5842eb85a5c0f04-1636825488,clasificacion\VirusShare_00499\reportes\reporte\0061f54d5f5da06f34fb5607af6ece9d.json
0062f67b471192420387b3fb51ce1b17,e5abd92c433435f8c10ecd088cc907baa09ef57c,d9241fc27e1b3adedbd1b801db6847d4a28b879b4f0d60a713af66c2bd017858,pdf,"PDF document, version 1.4",application/pdf,73260,2021-11-09T14:34:53+00:00,2021-11-09,2021-11-18T02:16:17+00:00,2021-11-18,25,60,0.4167,25,,0.0,gerphish:1;camelot:1;malurl:1,phishing,0.4,phishing:10;trojan:7;stealer:2,PDF.Spam.Heur.1;Trojan/Generic.ASMalwRG.150;PDF/Phishing.4BCA!tr;Trojan.PDF.stealer.phishing.e;PDF.Spam.Heur.1;Trojan.Phishing!1.D9C3 (CLASSIC);PDF.Trojan-Stealer.Phishing.E;Trojan.PDF.Phishing;PDF.Phisher.300;PDF.Spam.Heur.1,https://www.virustotal.com/gui/file/d9241fc27e1b3adedbd1b801db6847d4a28b879b4f0d60a713af66c2bd017858/detection/f-d9241fc27e1b3adedbd1b801db6847d4a28b879b4f0d60a713af66c2bd017858-1636468493,clasificacion\VirusShare_00499\reportes\reporte\0062f67b471192420387b3fb51ce1b17.json
0063a44055315c15b2f4ac7d3a0ced56,e8f3079fed9ba92d0159e02518e03266d15ba9a5,ea92b13cab0914a0663f5fbf2fca2b8ca7eef903812e13d6fd287673d9fb30a0,pdf,"PDF document, version 1.4",application/pdf,87457,2021-11-12T16:18:49+00:00,2021-11-12,2021-11-17T06:51:04+00:00,2021-11-17,29,60,0.4833,29,,0.0,gerphish:1;camelot:1;static:1,phishing,0.3448,phishing:10;trojan:8;stealer:1,PDF.Z.Agent.87457.BH;Trojan.PDF.Phishing.4!c;Malicious (score: 99);PDF.Phisher.197;PDF/Phishing.Agent.NDP;PDF/Gerphish.J.gen!Camelot;Pdf.Trojan.Spam.Chf;BehavesLike.PDF.Suspicious.mb;PDF.Phishing.41829;Trojan.Gen.NPE,https://www.virustotal.com/gui/file/ea92b13cab0914a0663f5fbf2fca2b8ca7eef903812e13d6fd287673d9fb30a0/detection/f-ea92b13cab0914a0663f5fbf2fca2b8ca7eef903812e13d6fd287673d9fb30a0-1636733929,clasificacion\VirusShare_00499\reportes\reporte\0063a44055315c15b2f4ac7d3a0ced56.json
0064cdcd671a78d2b239ec84fde59ede,0411960f96056c4ef271e0137fe41fce429ea519,36e47e8149c744cad03c9bde55db42ad41de0c566f41b9d06c6e642899796108,html,"HTML document, Non-ISO extended-ASCII text, with very long lines, with CRLF, CR, LF line terminators",text/html,207033,2021-11-12T04:40:35+00:00,2021-11-12,2021-11-17T18:57:59+00:00,2021-11-17,10,58,0.1724,10,iframe,0.4,iframe:4;astvirus:1,trojan,0.2,trojan:2;phishing:1,JS/Iframe.AN!tr;HTML.Phishing.40795;Script:SNH-gen [Trj];Script:SNH-gen [Trj];Mal/Iframe-AN;IFrame.gen;Malicious (score: 99);Trojan.HTML.IFrame;HTML/Infected.WebPage.Gen2;Trojan/Generic.ASTVirus.1013B,https://www.virustotal.com/gui/file/36e47e8149c744cad03c9bde55db42ad41de0c566f41b9d06c6e642899796108/detection/f-36e47e8149c744cad03c9bde55db42ad41de0c566f41b9d06c6e642899796108-1636692035,clasificacion\VirusShare_00499\reportes\reporte\0064cdcd671a78d2b239ec84fde59ede.json
00656ff50ea57869e3b89faebf7928b6,56bedf8f4f2b3a5fbcbeb9d46b5d3f26e38f580c,502ecfddd6e48b9ccb0ffff16cf275c70cb8b5492a3d1d62f5728f1aea9b177a,exe,"PE32 executable (GUI) Intel 80386, for MS Windows, UPX compressed",application/x-dosexec,16384,2021-11-14T17:28:53+00:00,2021-11-14,2021-11-17T04:36:40+00:00,2021-11-17,44,68,0.6471,44,eylr,0.1591,eylr:7;admm:2;dlnq:1;bscope:1;wacatac:1,trojan,0.4545,trojan:20;pua:1;worm:1,Trojan.Agent.dlnq;BScope.Trojan.Wacatac;Malicious (score: 100);Trojan.Siggen15.22576;Win32/Agent.ADMM;W32/Agent.DOR.gen!Eldorado;Gen:NN.ZexaE.34266.bmHfaix7qjpi;BehavesLike.Win32.Trojan.lc;Trojan.WacatacPMF.S16607927;ML.Attribute.HighConfidence,https://www.virustotal.com/gui/file/502ecfddd6e48b9ccb0ffff16cf275c70cb8b5492a3d1d62f5728f1aea9b177a/detection/f-502ecfddd6e48b9ccb0ffff16cf275c70cb8b5492a3d1d62f5728f1aea9b177a-1636910933,clasificacion\VirusShare_00499\reportes\reporte\00656ff50ea57869e3b89faebf7928b6.json
006581c1e9bcdfe20aa59e0303b5b5e5,0c5253f1e780c75a706c0b3f2f6f286d1e37a4b6,b162eaf0b2ac920dbfee52605b9a8f8229db191b45b710c4ff7ffbccbf2401d3,exe,"PE32 executable (GUI) Intel 80386, for MS Windows",application/x-dosexec,192740,2021-11-13T15:51:46+00:00,2021-11-13,2021-11-17T10:41:48+00:00,2021-11-17,46,67,0.6866,46,strictor,0.1304,strictor:6;vbclone:5;ajku:2;susgen:1;aidetect:1,trojan,0.3261,trojan:15;dropper:1,Trojan.Malware.74161353.susgen;Trojan/W32.VB-Agent.192740;Trojan.VBClone!1.BE37 (CLASSIC);Malicious (score: 100);W32.AIDetect.malware1;ML/PE-A + Mal/VB-AQT;malicious.1e9bcd;P2PWorm ( 005499db1 );W32/VBClone.E!tr;GrayWare/Win32.VP2.a,https://www.virustotal.com/gui/file/b162eaf0b2ac920dbfee52605b9a8f8229db191b45b710c4ff7ffbccbf2401d3/detection/f-b162eaf0b2ac920dbfee52605b9a8f8229db191b45b710c4ff7ffbccbf2401d3-1636818706,clasificacion\VirusShare_00499\reportes\reporte\006581c1e9bcdfe20aa59e0303b5b5e5.json
00666714d8e9d82ed4f95ab1b087c1d6,bd700e4d92ea46104037d29049089f2da133ca8c,38c8934c6c3a6318f9eecc0a18550b89dedb22783f535b41ab6ba168a51e67e3,dll,"PE32 executable (DLL) (GUI) Intel 80386, for MS Windows",application/x-dosexec,442368,2021-11-17T14:14:55+00:00,2021-11-17,2021-11-17T14:54:00+00:00,2021-11-17,42,67,0.6269,42,lazy,0.1429,lazy:6;dridex:5;cridex:4;drixed:3;susgen:1,trojan,0.2381,trojan:10;riskware:2;downloader:1;banker:1,Trojan.Malware.121218.susgen;Trojan:Win32/Dridex.b4530c0c;Malicious (score: 100);TROJ_GEN.R002C0DKD21;Mal/Generic-R + Mal/EncPk-APX;Riskware ( 0040eff71 );Trojan/Generic.ASMalwS.34CCACD;win/malicious_confidence_100% (W);a variant of Win32/GenKryptik.FNIC;Win32:Malware-gen,https://www.virustotal.com/gui/file/38c8934c6c3a6318f9eecc0a18550b89dedb22783f535b41ab6ba168a51e67e3/detection/f-38c8934c6c3a6318f9eecc0a18550b89dedb22783f535b41ab6ba168a51e67e3-1637158495,clasificacion\VirusShare_00499\reportes\reporte\00666714d8e9d82ed4f95ab1b087c1d6.json
0067ca8d3351c6323a1e7581ef978498,97274f6b0fbcc5ae1dda9fbc0e9ca0d16407a60a,3f52de5e7076ab7e7aeb76c5f9ba628fbb77e3afc78e9b34e9fd6441faa6388e,pdf,"PDF document, version 1.4",application/pdf,80376,2021-11-09T01:26:22+00:00,2021-11-09,2021-11-17T06:38:06+00:00,2021-11-17,25,61,0.4098,25,,0.0,static:1,phishing,0.44,phishing:11;trojan:5;stealer:2,Malicious (score: 99);PDF.Phisher.197;PDF/Phishing.Agent.NDP;URL/Phish.C.gen!Eldorado;BehavesLike.PDF.Suspicious.lb;PDF.Phish.42843;PDF/Phishing.A!tr;PDF.Trojan-Stealer.Phishing.E;Trojan.Phishing/PDF!1.CF5F (CLASSIC);Trojan.stealer.phishing.e,https://www.virustotal.com/gui/file/3f52de5e7076ab7e7aeb76c5f9ba628fbb77e3afc78e9b34e9fd6441faa6388e/detection/f-3f52de5e7076ab7e7aeb76c5f9ba628fbb77e3afc78e9b34e9fd6441faa6388e-1636421182,clasificacion\VirusShare_00499\reportes\reporte\0067ca8d3351c6323a1e7581ef978498.json
006954ea63c6cda88e002283c21c684c,c8befde24725f4e1433bfa6387a23c17d3bd9288,f6b28ae730c51bb46b648cddb1c40780a316f06896888bf1bfaeffa8b9a2b253,exe,"PE32 executable (GUI) Intel 80386, for MS Windows",application/x-dosexec,48640,2021-11-07T18:52:21+00:00,2021-11-07,2021-11-17T17:04:14+00:00,2021-11-17,48,69,0.6957,48,killmbr,0.2292,killmbr:11;zusy:7;diskwriter:3;smthor:2;frzd:2,trojan,0.4375,trojan:21;ransomware:1;dropper:1,AI:Packer.FC0B668B18;Generic.mg.006954ea63c6cda8;Malicious (score: 99);Trojan.Win32.KILLMBR.SMTHOR;Trojan/Generic.ASMalwS.2A17B01;W32/KillMBR.NDS!tr;Trojan ( 0057c2901 );a variant of Win32/KillMBR.NDS;Trojan.Malware.74069879.susgen;Gen:Variant.Zusy.326333,https://www.virustotal.com/gui/file/f6b28ae730c51bb46b648cddb1c40780a316f06896888bf1bfaeffa8b9a2b253/detection/f-f6b28ae730c51bb46b648cddb1c40780a316f06896888bf1bfaeffa8b9a2b253-1636311141,clasificacion\VirusShare_00499\reportes\reporte\006954ea63c6cda88e002283c21c684c.json
006adee8b4b628c0f9685872e01be70e,713e31bc873e67e1490f7f106136bf7979c9bb8b,184f9cdb5c8bbfdba7b209a8c039272a985c2514698301ee9b131f24968b4324,exe,"PE32+ executable (console) x86-64, for MS Windows",application/x-dosexec,23152,2021-11-14T16:13:26+00:00,2021-11-14,2021-11-18T08:57:52+00:00,2021-11-18,12,66,0.1818,12,tedy,0.5833,tedy:7;ipamor:1,trojan,0.0833,trojan:1,Gen:Variant.Tedy.7763;Gen:Variant.Tedy.7763;W64/Ipamor.DF.gen!Eldorado;Gen:Variant.Tedy.7763;Unsafe;Trojan/Generic.ASMalwS.34B9CB8;W64/Agent.6C67!tr;malware (ai score=82);Gen:Variant.Tedy.7763;Gen:Variant.Tedy.7763 (B),https://www.virustotal.com/gui/file/184f9cdb5c8bbfdba7b209a8c039272a985c2514698301ee9b131f24968b4324/detection/f-184f9cdb5c8bbfdba7b209a8c039272a985c2514698301ee9b131f24968b4324-1636906406,clasificacion\VirusShare_00499\reportes\reporte\006adee8b4b628c0f9685872e01be70e.json
006b2d34ccc26da9530211777e3d1e77,23b1b67d9264bfbd0f9f836c8d178743d37f0789,894e664c741a729c2b9216887f96e2a02a1469d349f1438d33a4f300b7c1e766,exe,"PE32 executable (GUI) Intel 80386, for MS Windows",application/x-dosexec,4287455,2021-11-15T01:52:29+00:00,2021-11-15,2021-11-18T07:51:18+00:00,2021-11-18,21,66,0.3182,21,,0.0,olext:1;virut:1;artemis:1;killav:1;spnr:1,trojan,0.1905,trojan:4;dropper:1;virus:1,W32/Olext.C.gen!Eldorado;Trojan.Win32.Save.a;Unsafe.AI_Score_99%;Unsafe;BehavesLike.Win32.Virut.rh;Artemis!006B2D34CCC2;Trojan-Dropper.Win32.Killav;W32/SPNR.15EG12!tr;win/malicious_confidence_90% (D);ML/PE-A,https://www.virustotal.com/gui/file/894e664c741a729c2b9216887f96e2a02a1469d349f1438d33a4f300b7c1e766/detection/f-894e664c741a729c2b9216887f96e2a02a1469d349f1438d33a4f300b7c1e766-1636941149,clasificacion\VirusShare_00499\reportes\reporte\006b2d34ccc26da9530211777e3d1e77.json
006c1d2a3cae2619016f3b66d8176f57,e80f9bed26fb950e625edd5c3d2507ec8393b879,679077aa5887373e5b9e53fdfd519d730d557c139fcf6ece84142c20902a594a,exe,"PE32 executable (GUI) Intel 80386, for MS Windows",application/x-dosexec,92820,2021-11-10T05:05:05+00:00,2021-11-10,2021-11-17T11:41:05+00:00,2021-11-17,37,66,0.5606,37,,0.0,ajku:2;dosb:2;susgen:1;muldrop:1;aidetect:1,trojan,0.4595,trojan:17;riskware:2;dropper:1,Trojan.Malware.121218.susgen;Trojan:Win32/Muldrop.329;Trojan.GenericKDZ.79665 (B);Malicious (score: 100);W32.AIDetect.malware1;TROJ_GEN.R002C0PK821;malicious.d26fb9;Static AI - Malicious PE;win/malicious_confidence_90% (W);Win32.Trojan.Vb.Cho,https://www.virustotal.com/gui/file/679077aa5887373e5b9e53fdfd519d730d557c139fcf6ece84142c20902a594a/detection/f-679077aa5887373e5b9e53fdfd519d730d557c139fcf6ece84142c20902a594a-1636520705,clasificacion\VirusShare_00499\reportes\reporte\006c1d2a3cae2619016f3b66d8176f57.json
006cece9f072f610923a98eeef7cfe50,0df8c5356610ad2a20d693b99224858fa3a3602c,816e7eced93e0fe79ab40fd0973c7c078583d5c4d8a48daa5b4d2e2771df04d1,exe,"PE32 executable (GUI) Intel 80386, for MS Windows, UPX compressed",application/x-dosexec,7243133,2021-11-12T17:20:55+00:00,2021-11-12,2021-11-17T10:18:19+00:00,2021-11-17,50,68,0.7353,50,dnsr,0.12,dnsr:6;prepscram:3;neyndy:2;fileinfectorx:2;aidetect:1,trojan,0.5,trojan:25;virus:1;ransomware:1;dropper:1,Trojan.Agent.neyndy;Trojan.Agent.DNSR (B);Trojan.Agent!1.B5F1 (CLASSIC);Malicious (score: 100);W32.AIDetect.malware1;Virus.Win32.Agent.VP@8ek9ga;malicious.9f072f;Trojan ( 005893621 );Trojan/Generic.ASMalwS.2993034;win/malicious_confidence_70% (D),https://www.virustotal.com/gui/file/816e7eced93e0fe79ab40fd0973c7c078583d5c4d8a48daa5b4d2e2771df04d1/detection/f-816e7eced93e0fe79ab40fd0973c7c078583d5c4d8a48daa5b4d2e2771df04d1-1636737655,clasificacion\VirusShare_00499\reportes\reporte\006cece9f072f610923a98eeef7cfe50.json
006e7ec0fdec6866f47e59994c807eb2,6308289b51d1eb02c256888594959e841fb177c0,4867ff07554acbb69487e2240835c55b417a694c24e22015e3671bc6fff392db,lnk,"MS Windows shortcut, Item id list present, Points to a file or directory, Has Description string, Has Relative path, Has Working directory, Archive, ctime=Mon Jul 19 20:53:00 2021, mtime=Mon Nov 15 04:35:53 2021, atime=Mon Nov 15 04:35:46 2021, length=4060353, window=hide",application/octet-stream,3410,2021-11-14T15:41:21+00:00,2021-11-14,2021-11-17T05:15:04+00:00,2021-11-17,5,56,0.0893,5,lnkrun,0.2,lnkrun:1;runner:1;vpaz:1,trojan,0.2,trojan:1,Malicious (score: 99);LNK/Run.AZ!tr;Troj/LnkRun-AZ;Trojan.LNK.Agent;LNK/Runner.VPAZ,https://www.virustotal.com/gui/file/4867ff07554acbb69487e2240835c55b417a694c24e22015e3671bc6fff392db/detection/f-4867ff07554acbb69487e2240835c55b417a694c24e22015e3671bc6fff392db-1636904481,clasificacion\VirusShare_00499\reportes\reporte\006e7ec0fdec6866f47e59994c807eb2.json
006ef59f1d879753c9ee60d1c8dda886,3d99a83427529e4c30b3f6ea4bfbc254e8ff54b9,12821eeecd23ae0f9846d7d524e697b9c53e96e62ce294c03e9883fd24cac169,pdf,"PDF document, version 1.4",application/pdf,90228,2021-10-30T20:04:52+00:00,2021-10-30,2021-11-17T12:33:19+00:00,2021-11-17,18,61,0.2951,18,,0.0,gerphish:1;camelot:1;malurl:1,phishing,0.5556,phishing:10;trojan:6;stealer:2,Trojan.PDF.stealer.phishing.e;HTML/Malicious.PDF.Gen2;Trojan.Phishing!1.D9C3 (CLASSIC);Malicious (score: 99);PDF/Phishing.4BCA!tr;Trojan/Generic.ASMalwRG.150;PDF/Phishing.Agent.NDP;PDF:PhishingX-gen [Phish];BehavesLike.PDF.Suspicious.mb;Trojan.Gen.NPE,https://www.virustotal.com/gui/file/12821eeecd23ae0f9846d7d524e697b9c53e96e62ce294c03e9883fd24cac169/detection/f-12821eeecd23ae0f9846d7d524e697b9c53e96e62ce294c03e9883fd24cac169-1635624292,clasificacion\VirusShare_00499\reportes\reporte\006ef59f1d879753c9ee60d1c8dda886.json
006feeb54c03e455b686742e5a35d73e,797a2922f15596eea68ffb8dc39ac37fc2ebd286,983056e671513b309355a6880a531d0907f0c9ffed0129fa26898bdeb515d2e4,html,"HTML document, UTF-8 Unicode text, with very long lines, with CRLF, LF line terminators",text/html,64273,2021-11-16T09:06:32+00:00,2021-11-16,2021-11-18T05:57:35+00:00,2021-11-18,15,57,0.2632,15,,0.0,hmjerj:1;expkit:1,trojan,0.6,trojan:9;downloader:1,Trojan.GenericKD.47400775;JS/Agent.AYK!Eldorado;Trojan.GenericKD.47400775;Trojan.GenericKD.47400775;Trojan.JS.Agent;JS/Agent.PFM!tr;Trojan.GenericKD.47400775;malware (ai score=80);Malicious (score: 99);Trojan.GenericKD.47400775,https://www.virustotal.com/gui/file/983056e671513b309355a6880a531d0907f0c9ffed0129fa26898bdeb515d2e4/detection/f-983056e671513b309355a6880a531d0907f0c9ffed0129fa26898bdeb515d2e4-1637053592,clasificacion\VirusShare_00499\reportes\reporte\006feeb54c03e455b686742e5a35d73e.json
007002b8aaab7a2e028d20c7c3f64fb1,8bd115b8c101b242774f61ae50ea099918a9a7ad,7e241e56758a6b093ff6f3d93b413d0d1ef30da2839a77a52d182b4b2eb3642f,,"HTML document, ASCII text, with very long lines",text/html,14726,2021-11-14T06:12:34+00:00,2021-11-14,2021-11-18T10:01:49+00:00,2021-11-18,6,57,0.1053,6,,0.0,,phishing,0.5,phishing:3;trojan:2,JS/Phish.TL;HTML:PhishingMail-IO [Phish];HTML.Trojan.Agent.4MMORU;Trojan.Script.GenericZ;HTML/PhishingMail.IO!tr;HTML:PhishingMail-IO [Phish],https://www.virustotal.com/gui/file/7e241e56758a6b093ff6f3d93b413d0d1ef30da2839a77a52d182b4b2eb3642f/detection/f-7e241e56758a6b093ff6f3d93b413d0d1ef30da2839a77a52d182b4b2eb3642f-1636870354,clasificacion\VirusShare_00499\reportes\reporte\007002b8aaab7a2e028d20c7c3f64fb1.json
00708efa715ec98f804f1ba127a66c03,057a304e12385c143f118e89906b244a23683e25,93530fda0ea15a1e97ec522f76cb1c77c9b18e44dd23047511b4553d45e0cc1f,exe,"PE32+ executable (GUI) x86-64, for MS Windows",application/x-dosexec,323600,2021-11-18T01:52:52+00:00,2021-11-18,2021-11-18T06:11:49+00:00,2021-11-18,47,68,0.6912,47,razy,0.1489,razy:7;selfdel:4;susgen:1;zeroaccess:1;bffg:1,trojan,0.4255,trojan:20,HEUR:Trojan.Win32.SelfDel.pef;Gen:Variant.Razy.975560;Trojan.Win64.SelfDel;Gen:Variant.Razy.975560;W64/Agent.CGC.gen!Eldorado;Malicious;Trojan.Win32.Save.a;Win64:TrojanX-gen [Trj];Gen:Variant.Razy.975560;Trojan.Malware.300983.susgen,https://www.virustotal.com/gui/file/93530fda0ea15a1e97ec522f76cb1c77c9b18e44dd23047511b4553d45e0cc1f/detection/f-93530fda0ea15a1e97ec522f76cb1c77c9b18e44dd23047511b4553d45e0cc1f-1637200372,clasificacion\VirusShare_00499\reportes\reporte\00708efa715ec98f804f1ba127a66c03.json
0070c04bab4b04e18bab667667f20c86,e5b72204c08515a6f82c6bd7bb944d6253959f67,85bb74060158f05b126a148833d355a08e7ac324913e743a750fc61af8101a01,s,"ASCII text, with very long lines",text/plain,9836,2021-11-13T17:12:59+00:00,2021-11-13,2021-11-17T20:09:06+00:00,2021-11-17,17,56,0.3036,17,cryxos,0.5294,cryxos:9;sabsik:1;expkit:1,trojan,0.6471,trojan:11,JS:Trojan.Cryxos.7310;Malicious (score: 99);Trojan/Generic.ASMalwRG.15C;JS/Agent.PIV!tr;JS:Trojan.Cryxos.7310;JS:Trojan.Cryxos.7310;Trojan.JS.Cryxos;JS:Trojan.Cryxos.7310;HEUR:Trojan.Script.Generic;JS/Agent.PIV,https://www.virustotal.com/gui/file/85bb74060158f05b126a148833d355a08e7ac324913e743a750fc61af8101a01/detection/f-85bb74060158f05b126a148833d355a08e7ac324913e743a750fc61af8101a01-1636823579,clasificacion\VirusShare_00499\reportes\reporte\0070c04bab4b04e18bab667667f20c86.json
0070fdfa65acf7ba6aa5339a0ee72cd5,873ac8462ddd47ec3722829255ae56eab2f1826d,a49a43eba9a66721d43f5cfa040d356cadd8f10f831bef2a0239a1e702300c83,html,"HTML document, UTF-8 Unicode text, with very long lines, with CRLF, LF line terminators",text/html,56138,2021-11-15T07:39:12+00:00,2021-11-15,2021-11-17T05:46:08+00:00,2021-11-17,15,49,0.3061,15,,0.0,redir:1;trojware:1;astvirus:1;scrinj:1,redirector,0.4667,redirector:7;trojan:6,Malicious (score: 99);JS/Agent.OEF;JS/Redir.AAQ;JS.Redirector.42969;JS/Agent.OEF!tr;JS:Redirector-CDG [Trj];Trojan.JS.Redirector.BWY (B);Trojan.JS.Redirector.BWY;TrojWare.JS.TrojanDownloader.Agent.OA@8rqtab;Trojan.JS.Redirector.BWY,https://www.virustotal.com/gui/file/a49a43eba9a66721d43f5cfa040d356cadd8f10f831bef2a0239a1e702300c83/detection/f-a49a43eba9a66721d43f5cfa040d356cadd8f10f831bef2a0239a1e702300c83-1636961952,clasificacion\VirusShare_00499\reportes\reporte\0070fdfa65acf7ba6aa5339a0ee72cd5.json
00749749137bc791c9180323da0fbf12,737bc5dac2ec429e71bb5b2955650cb863d4b96a,781edaa2d0e49cbb5efbae30b1a67c3093730d255f96664f73729e2a7921e939,exe,"PE32+ executable (console) x86-64, for MS Windows",application/x-dosexec,527872,2021-11-12T12:48:04+00:00,2021-11-12,2021-11-17T06:05:38+00:00,2021-11-17,3,67,0.0448,3,,0.0,,trojan,0.3333,trojan:1,Malicious (score: 100);a variant of Win64/Agent_AGen.AD;Trojan.Win64.Spy,https://www.virustotal.com/gui/file/781edaa2d0e49cbb5efbae30b1a67c3093730d255f96664f73729e2a7921e939/detection/f-781edaa2d0e49cbb5efbae30b1a67c3093730d255f96664f73729e2a7921e939-1636721284,clasificacion\VirusShare_00499\reportes\reporte\00749749137bc791c9180323da0fbf12.json
00758985f66d8676cd91c42c3bae621c,ac0179fd2658e131bf9999659e533bd395ce502f,207ab3e9d444aace2a2e2456a8e69a67e79b8a348402e5b34a18226982e4aa82,,"UTF-8 Unicode text, with very long lines",text/plain,212547,2021-11-13T09:37:05+00:00,2021-11-13,2021-11-17T02:00:36+00:00,2021-11-17,6,56,0.1071,6,faceliker,0.3333,faceliker:2;sabsik:1,trojan,0.5,trojan:3,Trojan.FaceLiker/JS!1.BAA9 (CLASSIC);Script:SNH-gen [Trj];Trojan.FaceLiker.JS.2;Script:SNH-gen [Trj];Malware.Generic-Script.Save.1f432c47;Trojan:Script/Sabsik.FL.B!ml,https://www.virustotal.com/gui/file/207ab3e9d444aace2a2e2456a8e69a67e79b8a348402e5b34a18226982e4aa82/detection/f-207ab3e9d444aace2a2e2456a8e69a67e79b8a348402e5b34a18226982e4aa82-1636796225,clasificacion\VirusShare_00499\reportes\reporte\00758985f66d8676cd91c42c3bae621c.json
00776bdd467fec5c2803ade8aaf84ee3,e2177fa5a85623f7b153e0e610f1cdefbff9eff7,802d6a9574e9c39d7e10c2fb3ade4d21b04aaf30a9995009ce91e5dd412f3c05,pdf,"PDF document, version 1.4",application/pdf,69846,2021-11-11T07:05:06+00:00,2021-11-11,2021-11-17T11:59:57+00:00,2021-11-17,27,60,0.45,27,,0.0,gerphish:1;camelot:1;malurl:1,phishing,0.4074,phishing:11;trojan:8;stealer:2,Trojan.W32.stealer.phishing.e;HTML/Malicious.PDF.Gen2;PDF.Spam.Heur.1 (B);Trojan.Phishing/PDF!1.D8B8 (CLASSIC);Malicious (score: 99);PDF/Phishing.Agent.NDP;Trojan/Generic.ASMalwRG.150;PDF/Phishing.818B!tr;PDF:PhishingX-gen [Phish];PDF.Spam.Heur.1,https://www.virustotal.com/gui/file/802d6a9574e9c39d7e10c2fb3ade4d21b04aaf30a9995009ce91e5dd412f3c05/detection/f-802d6a9574e9c39d7e10c2fb3ade4d21b04aaf30a9995009ce91e5dd412f3c05-1636614306,clasificacion\VirusShare_00499\reportes\reporte\00776bdd467fec5c2803ade8aaf84ee3.json
007a6346f4e4a95cbe555c0fd1511dcb,bda5bb075608fe176ea1602681a082056a6110bf,97ad3836babef1636869f4a0f40264618d61e04f7bed7506cd07bea6fe3ecbfa,exe,"PE32 executable (GUI) Intel 80386, for MS Windows",application/x-dosexec,415309,2021-11-12T00:22:34+00:00,2021-11-12,2021-11-17T17:14:48+00:00,2021-11-17,53,67,0.791,53,urelas,0.1887,urelas:10;plite:7;corrupt:2;aidetect:1;susgen:1,trojan,0.3962,trojan:21;backdoor:6;bot:1;adware:1;dropper:1,Trojan.Win32.Save.a;Backdoor.Plite.Win32.3368;Generic.mg.007a6346f4e4a95c;W32.AIDetect.malware1;Win32.Trojan.Urelas.a;Trojan/Generic.ASMalwS.2C48967;W32/Urelas.O!tr;Trojan.Win32.Urelas.bot!s1;Trojan ( 005326d31 );Trojan.Malware.300983.susgen,https://www.virustotal.com/gui/file/97ad3836babef1636869f4a0f40264618d61e04f7bed7506cd07bea6fe3ecbfa/detection/f-97ad3836babef1636869f4a0f40264618d61e04f7bed7506cd07bea6fe3ecbfa-1636676554,clasificacion\VirusShare_00499\reportes\reporte\007a6346f4e4a95cbe555c0fd1511dcb.json
007a9ceae14360ab9e7d629eb3aef8c1,fc1732fb99c6c77efd47a7122299cdb2d3184060,d8ffa3a5129c1648fbed3e9c9bfc8f7c9c8a7de17cc8f00fde7cef4a9eec7bf8,,"UTF-8 Unicode text, with very long lines",text/plain,203174,2021-11-13T10:24:56+00:00,2021-11-13,2021-11-18T07:45:47+00:00,2021-11-18,5,56,0.0893,5,faceliker,0.4,faceliker:2;cryxos:1;iframe:1,trojan,0.8,trojan:4,Trojan.JS.Cryxos;JS.Trojan.Agent.42292;Trojan.Iframe.JS.3;Trojan.FaceLiker/JS!1.BAA9 (CLASSIC);TrojanClicker:JS/Faceliker,https://www.virustotal.com/gui/file/d8ffa3a5129c1648fbed3e9c9bfc8f7c9c8a7de17cc8f00fde7cef4a9eec7bf8/detection/f-d8ffa3a5129c1648fbed3e9c9bfc8f7c9c8a7de17cc8f00fde7cef4a9eec7bf8-1636799096,clasificacion\VirusShare_00499\reportes\reporte\007a9ceae14360ab9e7d629eb3aef8c1.json
007ab35384fbbd4d3d5b36c1b19431d5,5db13b94082d8fee2ec5c2229065de4fa5a4363f,fb121a20995d63a72e553ba7ae638cdc9f6fbab441515f063738d39b5cacc06d,exe,"PE32 executable (GUI) Intel 80386, for MS Windows",application/x-dosexec,2089472,2021-11-13T21:53:23+00:00,2021-11-13,2021-11-17T09:31:34+00:00,2021-11-17,49,65,0.7538,49,salgorea,0.102,salgorea:5;dynamer:2;gencirc:1;genasa:1;fakems:1,trojan,0.3878,trojan:19;backdoor:4;dropper:3,Trojan:Win32/Salgorea.VRR!MTB;Win32/TrojanDropper.Agent.RLQ;Trojan.GenericKD.46915368;Malware.Win32.Gencirc.10ce70e5;HEUR/AGEN.1117294;Trojan.GenAsa!Vl/tO0Uk9tE;Generic.mg.007ab35384fbbd4d;Backdoor.Salgorea;Backdoor.Win32.Salgorea.ie;Trojan.FakeMS,https://www.virustotal.com/gui/file/fb121a20995d63a72e553ba7ae638cdc9f6fbab441515f063738d39b5cacc06d/detection/f-fb121a20995d63a72e553ba7ae638cdc9f6fbab441515f063738d39b5cacc06d-1636840403,clasificacion\VirusShare_00499\reportes\reporte\007ab35384fbbd4d3d5b36c1b19431d5.json
007e3bc1ca25340d8ba809738bcd5dbb,3405056177c4f54006c40526efd3a3e6cdcc9083,f16921cdd1f2b0dbbb8bd13d519c1c2011a81584854e6bc73744c76f8930488b,exe,"PE32 executable (GUI) Intel 80386, for MS Windows",application/x-dosexec,1958400,2021-11-13T19:17:43+00:00,2021-11-13,2021-11-17T14:04:59+00:00,2021-11-17,53,68,0.7794,53,,0.0,barys:5;salgorea:5;finfish:4;susgen:1;aidetect:1,trojan,0.3396,trojan:18;backdoor:3;dropper:2;downloader:1,Trojan.Malware.300983.susgen;Gen:Variant.Barys.57437 (B);Backdoor/W32.Finfish.1958400;Trojan.Salgorea!1.DA55 (CLASSIC);Malicious (score: 100);W32.AIDetect.malware1;TrojWare.Win32.Salgorea.AQ@73zvwa;malicious.1ca253;Trojan ( 004fdf0a1 );Trojan/Generic.ASMalwS.1C3F800,https://www.virustotal.com/gui/file/f16921cdd1f2b0dbbb8bd13d519c1c2011a81584854e6bc73744c76f8930488b/detection/f-f16921cdd1f2b0dbbb8bd13d519c1c2011a81584854e6bc73744c76f8930488b-1636831063,clasificacion\VirusShare_00499\reportes\reporte\007e3bc1ca25340d8ba809738bcd5dbb.json
