familia_probable,muestras
sin_inferir,26217
cryxos,3384
faceliker,2108
salgorea,1790
iframe,1276
barys,976
bomb,941
kryptik,819
bulz,745
razy,705
strictor,613
zusy,596
eylr,578
sabsik,433
urelas,412
vbclone,407
injector,388
autorun,332
small,320
dnsr,314
expiro,299
fragtor,292
tedy,284
delf,272
sivis,248
expkit,240
vmprotect,230
lmir,223
vobfus,221
crypt,213
pidgeon,204
blocker,197
doina,194
upatre,193
juko,190
midie,185
nemucod,183
upantix,181
blackie,181
brocoiner,170
fklr,163
susp,157
gerphish,140
mikey,136
valyria,135
redirect,134
lnkrun,133
msilzilla,130
scrinject,129
mint,114
qukart,108
fraud,105
cerbu,105
qqpass,101
camelot,99
hidelink,98
bmhfbyrbndc,98
mirai,97
vbna,96
artemis,92
wacatac,92
sneaky,89
filerepmalware,88
nevereg,87
rozena,85
ausiv,84
shodi,83
multiplier,83
virlock,83
finfish,81
inor,80
susgen,79
padodor,78
ulise,75
redir,74
symmi,74
ramnit,73
bladabindi,72
autoit,71
refresh,69
redirba,66
python,61
drixed,61
msoffice,57
sypon,57
ndsw,57
adload,55
mira,53
fugrafa,52
jaik,50
runner,50
clicker,49
application,49
scar,47
ipamor,46
dqan,45
likejack,44
picsys,44
unruy,43
lazy,42
fundf,42
lololo,42
trojware,41
hangup,40
brontok,40
keyiso,39
hoax,38
pshagent,38
tinba,37
inject,36
fprd,35
minerva,35
ursu,35
hmjerj,35
androidos,34
vbkrypt,33
msilheracles,33
genpack,33
dropped,33
chinky,33
kazy,31
graftor,31
deepscan,30
coinhive,29
genkryptik,29
sality,27
flyagent,27
viking,26
starter,25
astvirus,25
patched,25
includer,25
launcher,23
shipup,23
dridex,22
webshell,22
fakejquery,22
krucky,22
foqa,21
zbot,21
virut,20
shyape,20
msilperseus,20
dldr,20
swisyn,20
startpage,19
nimnul,19
waski,19
obfdldr,19
gencirc,18
adodb,18
gafgyt,18
cryptoff,18
johnnie,18
foretype,17
bmifbyrbndc,17
jcnsby,17
packer,17
neshta,17
icedid,17
plemood,17
malurl,17
cambot,17
themida,16
fasong,16
cosmu,16
obfuscated,16
stopcrypt,16
acint,16
prepender,16
vtflooder,15
gnaeus,15
jiagu,15
framer,15
selfdel,15
donut,15
dinwod,15
fbjack,14
druvzi,14
fnup,14
obfus,14
expgen,14
decode,14
shellcode,14
facelike,13
ecmc,13
floxif,13
danabot,13
zapchast,13
reconyc,13
fileinfector,13
popunder,13
fakealert,13
yeli,13
shiz,13
qakbot,12
shohdi,12
cardstealer,12
avlj,12
jorik,11
agentb,11
blackhole,10
vbinject,10
mimail,10
mardom,10
filerepmetagen,10
shifu,10
lethic,10
explorerhijack,9
snojan,9
swrort,9
cardspy,9
legmir,9
boxter,9
clickjack,9
bublik,9
ircbot,9
agensla,9
ponystealer,8
vjadtre,8
clipbanker,8
bertle,8
paypal,8
tiggre,8
doboc,8
hijacker,8
stihat,8
genetic,8
memscan,8
disco,8
aacc,8
killmbr,7
variadic,7
gandcrab,7
badjoke,7
apost,7
prkr,7
jqrk,7
plite,7
iacgm,7
fnvy,7
copak,7
stormattack,7
zegost,6
aidetect,6
moat,6
biws,6
babar,6
flgd,6
eovfsx,6
cosmicduke,6
java,6
packz,6
uztuby,6
minggy,6
microsoft,6
wecod,6
scriptip,6
psdl,5
eicv,5
broskod,5
obscure,5
nsis,5
proslikefan,5
tovkater,5
jqxm,5
virtob,5
scam,5
meterpreter,5
bobik,5
bash,5
dangerousobject,5
lolbot,5
dcom,5
smsreg,5
coinminerx,5
gepys,5
maccontrol,5
winsecsrv,5
fakefire,5
netsp,5
farfli,5
shelma,5
rbloxphish,5
filecoder,5
stop,5
necurs,5
ffvd,5
phonzy,5
growtopia,5
wabot,5
zexaf,5
swxi,5
mailru,5
shell,5
atcpa,4
regrun,4
lockbit,4
fkuk,4
noon,4
byfh,4
cobalt,4
smmr,4
mydoom,4
stantinko,4
dyjc,4
vflooder,4
bjoq,4
jacard,4
fishform,4
simda,4
bingoml,4
krypt,4
sload,4
aabe,4
flashback,4
bjpn,4
ezsjqv,4
cryprar,4
blacole,4
zemsilf,4
conjar,4
metasploit,4
cridex,4
chapak,3
vlwm,3
nymeria,3
groooboor,3
shikataganai,3
onlinegames,3
wonka,3
llwkrb,3
pajetbin,3
jatif,3
wacapew,3
fyben,3
cobaltstrike,3
buzy,3
macontrol,3
rbot,3
remcos,3
gencbl,3
vilsel,3
wingo,3
macma,3
mozi,3
execinmail,3
sdum,3
conti,3
fjut,3
gumblar,3
tsunami,3
tnega,3
srcinject,3
tofsee,3
thus,3
probably,3
seraph,3
botgor,3
iyljwd,3
mailar,3
enigma,3
copidmbe,3
debris,3
scriptxe,3
yqcrn,3
nimda,3
latot,3
flnj,3
program,3
berbew,3
banload,3
redirinj,3
redirdex,3
fbook,2
mousedisable,2
mansabo,2
addrop,2
apptrack,2
ganelp,2
lemonduck,2
bihoazeb,2
sesfix,2
flashfake,2
reline,2
emotet,2
nsisx,2
crypterx,2
passwordstealer,2
laburrak,2
multi,2
injexa,2
agenttesla,2
wakme,2
multiple,2
risktool,2
jsredir,2
trickbot,2
ivbfjg,2
msofficeexcel,2
genome,2
processhijack,2
etaelo,2
fphr,2
fakeav,2
pwsx,2
discord,2
khalesi,2
androm,2
chase,2
atpo,2
zmutzy,2
pancar,2
redcap,2
gimemo,2
hiddentear,2
amphitryon,2
cakl,2
yellowdye,2
dapato,2
mlwr,2
banbra,2
malmaker,2
vools,2
pwrsh,2
tiny,2
coinstealer,2
datacollector,2
onephish,2
loader,2
msword,2
triada,2
shadowwali,2
basic,2
peed,2
injectorx,2
dhlphish,2
gamarue,2
deau,2
staser,2
monitor,2
byidusbb,2
nanocore,2
bqrg,2
cometer,2
feay,2
snic,2
hllp,2
sefnit,2
rlwm,2
vmsplice,2
minerlnk,2
genmalicious,2
killwin,2
konus,2
expl,2
pterodo,2
popwin,2
badsrc,2
ratx,2
hfsvibisi,2
binder,2
fjuq,2
iframeb,2
eakc,2
ckyl,2
bjoi,2
bumat,2
fesber,2
bmhfbyjdkw,2
geniso,2
phobos,2
disabler,2
gamehack,2
vkdj,2
phpw,2
setag,2
vemply,2
malphish,2
lightmoon,2
possiblethreat,2
cqoj,2
fadok,2
genscript,2
foba,2
servstart,2
bloored,2
wbna,2
bjtn,2
csvdwl,1
cqst,1
casonline,1
decdec,1
rasftuby,1
jigsaw,1
smspay,1
secneo,1
gootkit,1
bancos,1
emvfon,1
smemy,1
chyl,1
juched,1
fakeauthent,1
click,1
bwpmpxhb,1
clvj,1
cbgs,1
phires,1
bropass,1
eternalrocks,1
fmfe,1
coroxy,1
tdss,1
kpudg,1
locky,1
undef,1
autoruninf,1
dvfu,1
aksrytn,1
skiddo,1
fdcilq,1
eztb,1
static,1
cycbot,1
crifi,1
witch,1
bdbw,1
hypay,1
ajap,1
djer,1
transparentapt,1
hiddenpayload,1
icnanker,1
jmgfaukyprgab,1
agchdr,1
dialer,1
brsecmone,1
perkiler,1
atraps,1
fdzb,1
psdownload,1
epyrou,1
younglotus,1
gexin,1
smet,1
docdnldr,1
eati,1
ursnif,1
wdfload,1
depress,1
tempedreve,1
badur,1
abuja,1
dqge,1
aqem,1
diqt,1
extenbro,1
encoded,1
sasfis,1
haroheur,1
kuaizip,1
zebrocy,1
gpyl,1
gogo,1
memery,1
obfsstrm,1
unwanted,1
lkdy,1
qshell,1
japik,1
rathwf,1
hesv,1
alien,1
attribute,1
fnoc,1
ptbmsq,1
avsmofer,1
bral,1
bqrehy,1
orcus,1
componentbased,1
rozenaa,1
soap,1
hupigon,1
frcosl,1
ddeexec,1
injuke,1
cryptojacking,1
deqsxkpi,1
proxy,1
remora,1
webcompanion,1
techscam,1
crypmodng,1
iarz,1
wapomi,1
ploty,1
lovgate,1
crysis,1
aqmslmdi,1
winnti,1
bcqw,1
passteal,1
pidef,1
zebyvhki,1
rootkitx,1
qvod,1
downloadguide,1
epgwoj,1
nemesis,1
futu,1
fbclickjack,1
dlbk,1
pegel,1
bytefence,1
axiombase,1
macros,1
drpz,1
bazarloader,1
vbcryptor,1
doser,1
sogou,1
jsoutprox,1
aqotjdlj,1
bandra,1
injected,1
fjup,1
massivevbs,1
iphoneos,1
eclqwk,1
xanfpezes,1
syii,1
sfydg,1
sdbot,1
iwvbww,1
diple,1
spoofer,1
wlfq,1
aadi,1
zajdns,1
bmwmbflb,1
zpevdo,1
joker,1
cutwail,1
tolafx,1
redirec,1
hydrapos,1
getshell,1
btcmine,1
exfuwo,1
black,1
fosniw,1
brmon,1
adaptivebee,1
magentostealer,1
crysan,1
hoster,1
donoff,1
fakeupdate,1
pinkslipbot,1
amigo,1
vimnjx,1
abnormalscript,1
polyransom,1
asponvki,1
ajbx,1
hyena,1
zombie,1
irplan,1
fallchill,1
doris,1
cmder,1
huhk,1
kerangerransom,1
muldrop,1
moonlight,1
fpqo,1
akfp,1
macro,1
origin,1
usuxpr,1
ibashade,1
lisk,1
buvjhqkb,1
burden,1
yesbaby,1
sharps,1
svpeng,1
infect,1
dsoolc,1
loan,1
gzwyw,1
korplug,1
ciusky,1
unix,1
vitro,1
corrupt,1
vapsup,1
chopper,1
jcnuaw,1
bifrose,1
killav,1
oneeva,1
fprr,1
batmobi,1
startsurf,1
squirelwaffle,1
bodegun,1
highconfidence,1
pwshell,1
extinstaller,1
lyposit,1
iwzgb,1
apprisk,1
bwjaso,1
antisandbox,1
ndsj,1
diop,1
jtlp,1
amhfbyrbndc,1
xpack,1
eupsvu,1
pornpop,1
nobady,1
ascommon,1
scrinj,1
bqmxznnb,1
screenshoter,1
tinynuke,1
browsefox,1
aspm,1
adau,1
htlp,1
aoynlumi,1
hackback,1
elbp,1
bqoajp,1
ribaj,1
becu,1
czyk,1
bcpp,1
sirefef,1
bitstealer,1
delshad,1
dirtelti,1
obfuscatedscript,1
fakecodecs,1
credlik,1
faketool,1
bhosta,1
muka,1
fbscam,1
xafekopy,1
passwordrecoverysu,1
countermeasure,1
delbat,1
siggen,1
lqff,1
svirtu,1
lotoor,1
hhnveo,1
duptwux,1
pwbpk,1
faww,1
revetrat,1
shaosmine,1
rovnix,1
downloadassistant,1
autoins,1
lydra,1
quraaooigf,1
rakhni,1
mrax,1
madangel,1
buzus,1
glupteba,1
bmgfxsludoo,1
dnotua,1
gohive,1
amkyqhci,1
stelega,1
slepak,1
tatrio,1
autoruns,1
menti,1
rvbaaxeob,1
enoket,1
local,1
spybankr,1
nitol,1
ewodmu,1
stralo,1
object,1
dqvk,1
cwrx,1
gofot,1
badextension,1
numando,1
soltern,1
anfx,1
rocke,1
reveton,1
dissteal,1
activcrk,1
inmobi,1
ovaxuk,1
bjrt,1
hiddentears,1
zenpak,1
xyvxpx,1
andr,1
tomegun,1
koutodoor,1
msshellcode,1
refroso,1
bivfhbfb,1
poison,1
quasar,1
passwordstealera,1
bitcoinminer,1
cerber,1
akdtzbmj,1
bqcjbqeb,1
aahvskfi,1
sleltasos,1
winlock,1
gmlfrrwuslhbc,1
webhost,1
cost,1
ovuhamp,1
jintor,1
cryptinject,1
duqu,1
kuguo,1
wwoa,1
tinukebot,1
lockscreen,1
suspected,1
akspy,1
fprg,1
cwqw,1
optional,1
amhfbyjdkw,1
secapk,1
yhoo,1
aqhfuqmg,1
bwjzikhb,1
icondanse,1
bscope,1
bemwsajb,1
esgffc,1
bankerx,1
lmhb,1
smssend,1
psyme,1
bamaboy,1
killfiles,1
zcarvx,1
ejwl,1
dataeye,1
hkqhhs,1
papras,1
bbkf,1
amtkceab,1
xmgfrrjjkgjie,1
rebhip,1
sednit,1
sdbvg,1
turla,1
agentdqge,1
acol,1
mail,1
anzk,1
kates,1
spfbpk,1
fpci,1
mcesvm,1
mercurial,1
trickpak,1
dzjf,1
bisczzjb,1
ladvix,1
formbook,1
druync,1
connectscreen,1
iservice,1
porntool,1
cassiopeia,1
eajuge,1
smchopperphpa,1
ajku,1
sytro,1
downloder,1
registrydisabler,1
pack,1
eiframeinjectadswarenme,1
pantera,1
efbk,1
diby,1
bsgcdaob,1
conrox,1
greybird,1
kcloud,1
hacby,1
accphish,1
wemosis,1
scatter,1
